arazo		konponketa eskatzen duen eragozpen edo zailtasun egoera	askabide edo erantzuna eskatzen duen gaia; erabakitzeko edo konpontzeko edozein eratako eragozpenak agertzen dituen egitekoa	narrower
arazo		konponketa eskatzen duen eragozpen edo zailtasun egoera	zerbaitek eskatzen duen ardura; zerbaitek ematen duen nekea, eragiten duen kezka	none
arazo		konponketa eskatzen duen eragozpen edo zailtasun egoera	iskanbila, zarata	none
arazo		askabide edo erantzuna eskatzen duen gaia	askabide edo erantzuna eskatzen duen gaia; erabakitzeko edo konpontzeko edozein eratako eragozpenak agertzen dituen egitekoa	exact
arazo		askabide edo erantzuna eskatzen duen gaia	zerbaitek eskatzen duen ardura; zerbaitek ematen duen nekea, eragiten duen kezka	none
arazo		askabide edo erantzuna eskatzen duen gaia	iskanbila, zarata	none
arazo		zerbait lortzeko zailtasunaren iturria	askabide edo erantzuna eskatzen duen gaia; erabakitzeko edo konpontzeko edozein eratako eragozpenak agertzen dituen egitekoa	none
arazo		zerbait lortzeko zailtasunaren iturria	zerbaitek eskatzen duen ardura; zerbaitek ematen duen nekea, eragiten duen kezka	related
arazo		zerbait lortzeko zailtasunaren iturria	iskanbila, zarata	none
arazo		edozein eratako eragozpen edo neke agertzen dituen egitekoa	askabide edo erantzuna eskatzen duen gaia; erabakitzeko edo konpontzeko edozein eratako eragozpenak agertzen dituen egitekoa	narrower
arazo		edozein eratako eragozpen edo neke agertzen dituen egitekoa	zerbaitek eskatzen duen ardura; zerbaitek ematen duen nekea, eragiten duen kezka	none
arazo		edozein eratako eragozpen edo neke agertzen dituen egitekoa	iskanbila, zarata	none
arazo		mina edo atsekabea eragiten duen gertaera	askabide edo erantzuna eskatzen duen gaia; erabakitzeko edo konpontzeko edozein eratako eragozpenak agertzen dituen egitekoa	none
arazo		mina edo atsekabea eragiten duen gertaera	zerbaitek eskatzen duen ardura; zerbaitek ematen duen nekea, eragiten duen kezka	none
arazo		mina edo atsekabea eragiten duen gertaera	iskanbila, zarata	none
arazo		zerbaitek eskatzen duen ardura	askabide edo erantzuna eskatzen duen gaia; erabakitzeko edo konpontzeko edozein eratako eragozpenak agertzen dituen egitekoa	none
arazo		zerbaitek eskatzen duen ardura	zerbaitek eskatzen duen ardura; zerbaitek ematen duen nekea, eragiten duen kezka	narrower
arazo		zerbaitek eskatzen duen ardura	iskanbila, zarata	none
banku		odola, gorputzeko hainbat organo, esperma eta abar jaso, gorde eta banatzeaz arduratzen den zerbitzu publiko edo pribatua	eserleku luzea, bizkarduna nahiz bizkarrik gabea, hainbat lagun batera esertzeko aukera ematen duena	none
banku		odola, gorputzeko hainbat organo, esperma eta abar jaso, gorde eta banatzeaz arduratzen den zerbitzu publiko edo pribatua	bezeroen diru-gordailuak onartu eta kreditu-eragiketak burutzen dituen enpresa publiko edo pribatua	none
banku		odola, gorputzeko hainbat organo, esperma eta abar jaso, gorde eta banatzeaz arduratzen den zerbitzu publiko edo pribatua	banketxea	none
banku		odola, gorputzeko hainbat organo, esperma eta abar jaso, gorde eta banatzeaz arduratzen den zerbitzu publiko edo pribatua	(Inform.) informazioa era ordenatu eta eskuragarrian gordetzeko egitura konplexua	none
banku		odola, gorputzeko hainbat organo, esperma eta abar jaso, gorde eta banatzeaz arduratzen den zerbitzu publiko edo pribatua	(Med.) odola, gorputzeko hainbat organo, esperma eta abar jaso, gorde eta banatzeaz arduratzen den zerbitzu publiko edo pribatua	exact
banku		joko-etxe baten edo jokalari baten fondoa diru-joko batzuetan	eserleku luzea, bizkarduna nahiz bizkarrik gabea, hainbat lagun batera esertzeko aukera ematen duena	none
banku		joko-etxe baten edo jokalari baten fondoa diru-joko batzuetan	bezeroen diru-gordailuak onartu eta kreditu-eragiketak burutzen dituen enpresa publiko edo pribatua	none
banku		joko-etxe baten edo jokalari baten fondoa diru-joko batzuetan	banketxea	none
banku		joko-etxe baten edo jokalari baten fondoa diru-joko batzuetan	(Inform.) informazioa era ordenatu eta eskuragarrian gordetzeko egitura konplexua	none
banku		joko-etxe baten edo jokalari baten fondoa diru-joko batzuetan	(Med.) odola, gorputzeko hainbat organo, esperma eta abar jaso, gorde eta banatzeaz arduratzen den zerbitzu publiko edo pribatua	none
banku		muino edo meta luze bat	eserleku luzea, bizkarduna nahiz bizkarrik gabea, hainbat lagun batera esertzeko aukera ematen duena	none
banku		muino edo meta luze bat	bezeroen diru-gordailuak onartu eta kreditu-eragiketak burutzen dituen enpresa publiko edo pribatua	none
banku		muino edo meta luze bat	banketxea	none
banku		muino edo meta luze bat	(Inform.) informazioa era ordenatu eta eskuragarrian gordetzeko egitura konplexua	none
banku		muino edo meta luze bat	(Med.) odola, gorputzeko hainbat organo, esperma eta abar jaso, gorde eta banatzeaz arduratzen den zerbitzu publiko edo pribatua	none
banku		bezeroen diru-gordailuak onartu eta kreditu-eragiketak burutzen dituen enpresa publiko edo pribatua	eserleku luzea, bizkarduna nahiz bizkarrik gabea, hainbat lagun batera esertzeko aukera ematen duena	none
banku		bezeroen diru-gordailuak onartu eta kreditu-eragiketak burutzen dituen enpresa publiko edo pribatua	bezeroen diru-gordailuak onartu eta kreditu-eragiketak burutzen dituen enpresa publiko edo pribatua	exact
banku		bezeroen diru-gordailuak onartu eta kreditu-eragiketak burutzen dituen enpresa publiko edo pribatua	banketxea	none
banku		bezeroen diru-gordailuak onartu eta kreditu-eragiketak burutzen dituen enpresa publiko edo pribatua	(Inform.) informazioa era ordenatu eta eskuragarrian gordetzeko egitura konplexua	none
banku		bezeroen diru-gordailuak onartu eta kreditu-eragiketak burutzen dituen enpresa publiko edo pribatua	(Med.) odola, gorputzeko hainbat organo, esperma eta abar jaso, gorde eta banatzeaz arduratzen den zerbitzu publiko edo pribatua	none
banku		eserleku luzea, bizkarduna nahiz bizkarrik gabea, hainbat lagun batera esertzeko aukera ematen duena	eserleku luzea, bizkarduna nahiz bizkarrik gabea, hainbat lagun batera esertzeko aukera ematen duena	exact
banku		eserleku luzea, bizkarduna nahiz bizkarrik gabea, hainbat lagun batera esertzeko aukera ematen duena	bezeroen diru-gordailuak onartu eta kreditu-eragiketak burutzen dituen enpresa publiko edo pribatua	none
banku		eserleku luzea, bizkarduna nahiz bizkarrik gabea, hainbat lagun batera esertzeko aukera ematen duena	banketxea	none
banku		eserleku luzea, bizkarduna nahiz bizkarrik gabea, hainbat lagun batera esertzeko aukera ematen duena	(Inform.) informazioa era ordenatu eta eskuragarrian gordetzeko egitura konplexua	none
banku		eserleku luzea, bizkarduna nahiz bizkarrik gabea, hainbat lagun batera esertzeko aukera ematen duena	(Med.) odola, gorputzeko hainbat organo, esperma eta abar jaso, gorde eta banatzeaz arduratzen den zerbitzu publiko edo pribatua	none
banku		banketxea	eserleku luzea, bizkarduna nahiz bizkarrik gabea, hainbat lagun batera esertzeko aukera ematen duena	none
banku		banketxea	bezeroen diru-gordailuak onartu eta kreditu-eragiketak burutzen dituen enpresa publiko edo pribatua	none
banku		banketxea	banketxea	exact
banku		banketxea	(Inform.) informazioa era ordenatu eta eskuragarrian gordetzeko egitura konplexua	none
banku		banketxea	(Med.) odola, gorputzeko hainbat organo, esperma eta abar jaso, gorde eta banatzeaz arduratzen den zerbitzu publiko edo pribatua	none
diru		trukerako erabiltzen den baliabiderik arruntena, erabilera legaleko moneta gisa funtzionatzen duena	salgaiak ordaintzeko edota hainbat obligazio kitatzeko gizarteak, oro har, ordainbidetzat onartzen duen guztia	exact
diru		trukerako erabiltzen den baliabiderik arruntena, erabilera legaleko moneta gisa funtzionatzen duena	produktuen prezioa adierazteko erabiltzen den unitatea (txanponetan, billetetan gauzatua), salerosketarako eta trukerako erabilia	none
diru		trukerako erabiltzen den baliabiderik arruntena, erabilera legaleko moneta gisa funtzionatzen duena	txanpona	none
diru		ondasun handia adierazteko hitza	salgaiak ordaintzeko edota hainbat obligazio kitatzeko gizarteak, oro har, ordainbidetzat onartzen duen guztia	none
diru		ondasun handia adierazteko hitza	produktuen prezioa adierazteko erabiltzen den unitatea (txanponetan, billetetan gauzatua), salerosketarako eta trukerako erabilia	none
diru		ondasun handia adierazteko hitza	txanpona	none
diru		produktuen balioa adierazteko herrialde bakoitzak darabilen unitatea	salgaiak ordaintzeko edota hainbat obligazio kitatzeko gizarteak, oro har, ordainbidetzat onartzen duen guztia	none
diru		produktuen balioa adierazteko herrialde bakoitzak darabilen unitatea	produktuen prezioa adierazteko erabiltzen den unitatea (txanponetan, billetetan gauzatua), salerosketarako eta trukerako erabilia	exact
diru		produktuen balioa adierazteko herrialde bakoitzak darabilen unitatea	txanpona	none
diru		trukerako erabiltzen den metalezko pieza (disko-formakoa normalki)	salgaiak ordaintzeko edota hainbat obligazio kitatzeko gizarteak, oro har, ordainbidetzat onartzen duen guztia	none
diru		trukerako erabiltzen den metalezko pieza (disko-formakoa normalki)	produktuen prezioa adierazteko erabiltzen den unitatea (txanponetan, billetetan gauzatua), salerosketarako eta trukerako erabilia	none
diru		trukerako erabiltzen den metalezko pieza (disko-formakoa normalki)	txanpona	exact
eredu		bere nolakotasun bikainengatik nork bere egitekoetan jarraitzen duen pertsona edo jarraitu beharko lukeena	zerbait egiteko edo moldatzeko iturburutzat hartzen den edo hartzeko ematen dena; bere nolakotasun bikainengatik nork bere egitekoetan jarraitzen duena edo jarraitu beharko lukeena	exact
eredu		bere nolakotasun bikainengatik nork bere egitekoetan jarraitzen duen pertsona edo jarraitu beharko lukeena	(Fis.) problema fisiko bat teorikoki eta sinpleki aztertzeko eraikitzen den sistema	none
eredu		bere nolakotasun bikainengatik nork bere egitekoetan jarraitzen duen pertsona edo jarraitu beharko lukeena	(Teknol.) galdaketarako moldeak egiteko erabiltzen den forma	none
eredu		jarraitzekoa edo imitatzekoa izan daitekeela uste den egite edo jokaera	zerbait egiteko edo moldatzeko iturburutzat hartzen den edo hartzeko ematen dena; bere nolakotasun bikainengatik nork bere egitekoetan jarraitzen duena edo jarraitu beharko lukeena	exact
eredu		jarraitzekoa edo imitatzekoa izan daitekeela uste den egite edo jokaera	(Fis.) problema fisiko bat teorikoki eta sinpleki aztertzeko eraikitzen den sistema	none
eredu		jarraitzekoa edo imitatzekoa izan daitekeela uste den egite edo jokaera	(Teknol.) galdaketarako moldeak egiteko erabiltzen den forma	none
eredu		problema fisiko bat teorikoki eta sinpleki aztertzeko eraikitzen den sistema	zerbait egiteko edo moldatzeko iturburutzat hartzen den edo hartzeko ematen dena; bere nolakotasun bikainengatik nork bere egitekoetan jarraitzen duena edo jarraitu beharko lukeena	none
eredu		problema fisiko bat teorikoki eta sinpleki aztertzeko eraikitzen den sistema	(Fis.) problema fisiko bat teorikoki eta sinpleki aztertzeko eraikitzen den sistema	exact
eredu		problema fisiko bat teorikoki eta sinpleki aztertzeko eraikitzen den sistema	(Teknol.) galdaketarako moldeak egiteko erabiltzen den forma	none
eredu		bere nolakotasunengatik multzo guztia ordezkatzen duen tipoa	zerbait egiteko edo moldatzeko iturburutzat hartzen den edo hartzeko ematen dena; bere nolakotasun bikainengatik nork bere egitekoetan jarraitzen duena edo jarraitu beharko lukeena	none
eredu		bere nolakotasunengatik multzo guztia ordezkatzen duen tipoa	(Fis.) problema fisiko bat teorikoki eta sinpleki aztertzeko eraikitzen den sistema	none
eredu		bere nolakotasunengatik multzo guztia ordezkatzen duen tipoa	(Teknol.) galdaketarako moldeak egiteko erabiltzen den forma	none
garapen		aldaketen segida	garatzea (ekintza eta ondorioa)	exact
garapen		aldaketen segida	(Ekon.) ekonomia-sistema baten eta bere funtzionamenduaren hobekuntza kualitatibo eta egonkorra (industrializazioa, errenta nazionalaren maila, inbertsioak eta abar)	none
garapen		aldaketen segida	(Kir.) bizikletan, pedal-plateraren eta atzeko gurpileko pinoiaren arteko biderketa-erlazioa; platerari bira oso bat emanez bizikletak egiten duen distantzia	none
garapen		zerbait edo norbait gero eta perfekzio- edo konplexutasun-maila handiagoa duten egoeren segida batetik igarotzea edo igoaraztea	garatzea (ekintza eta ondorioa)	none
garapen		zerbait edo norbait gero eta perfekzio- edo konplexutasun-maila handiagoa duten egoeren segida batetik igarotzea edo igoaraztea	(Ekon.) ekonomia-sistema baten eta bere funtzionamenduaren hobekuntza kualitatibo eta egonkorra (industrializazioa, errenta nazionalaren maila, inbertsioak eta abar)	related
garapen		zerbait edo norbait gero eta perfekzio- edo konplexutasun-maila handiagoa duten egoeren segida batetik igarotzea edo igoaraztea	(Kir.) bizikletan, pedal-plateraren eta atzeko gurpileko pinoiaren arteko biderketa-erlazioa; platerari bira oso bat emanez bizikletak egiten duen distantzia	none
garapen		izaki bizien garapenean mailaka eta norabide berean egiten diren aldaketen segida	garatzea (ekintza eta ondorioa)	narrower
garapen		izaki bizien garapenean mailaka eta norabide berean egiten diren aldaketen segida	(Ekon.) ekonomia-sistema baten eta bere funtzionamenduaren hobekuntza kualitatibo eta egonkorra (industrializazioa, errenta nazionalaren maila, inbertsioak eta abar)	none
garapen		izaki bizien garapenean mailaka eta norabide berean egiten diren aldaketen segida	(Kir.) bizikletan, pedal-plateraren eta atzeko gurpileko pinoiaren arteko biderketa-erlazioa; platerari bira oso bat emanez bizikletak egiten duen distantzia	none
garapen		izaki biziduna nahiz honi dagokion zerbait ezarian handituz joan	garatzea (ekintza eta ondorioa)	narrower
garapen		izaki biziduna nahiz honi dagokion zerbait ezarian handituz joan	(Ekon.) ekonomia-sistema baten eta bere funtzionamenduaren hobekuntza kualitatibo eta egonkorra (industrializazioa, errenta nazionalaren maila, inbertsioak eta abar)	none
garapen		izaki biziduna nahiz honi dagokion zerbait ezarian handituz joan	(Kir.) bizikletan, pedal-plateraren eta atzeko gurpileko pinoiaren arteko biderketa-erlazioa; platerari bira oso bat emanez bizikletak egiten duen distantzia	none
huts		lege, arau edo eginbide bat ez betetzea; horren ondorioa	lege, arau edo eginbide bat ez betetzea; horren ondorioa	exact
huts		lege, arau edo eginbide bat ez betetzea; horren ondorioa	lortu edo egin behar edo nahi dena ez lortzea edo egitea	none
huts		lege, arau edo eginbide bat ez betetzea; horren ondorioa	zerbaitek beharrezkoa duen zerbait ez izatea edo behar adina ez izatea	none
huts		lege, arau edo eginbide bat ez betetzea; horren ondorioa	zenbait puntuazio-lehiaketatan, hasierako puntuazioa edota punturik eza	none
huts		lege, arau edo eginbide bat ez betetzea; horren ondorioa	(Fis.) materiarik ez dagoen espazio-aldea	none
huts		lege, arau edo eginbide bat ez betetzea; horren ondorioa	bere barnean ezer ez duena; ohi duenaz, daukanaz edo dagokionez gabetua	none
huts		lege, arau edo eginbide bat ez betetzea; horren ondorioa	elementu arrotzik ez duena, adierazten denaz besterik edo bestelakorik ez duena	none
huts		lege, arau edo eginbide bat ez betetzea; horren ondorioa	materia gabezia; ezer ez dagoen bitartea, ezereza	none
huts		perfektua ez izatearen egoera	lege, arau edo eginbide bat ez betetzea; horren ondorioa	none
huts		perfektua ez izatearen egoera	lortu edo egin behar edo nahi dena ez lortzea edo egitea	none
huts		perfektua ez izatearen egoera	zerbaitek beharrezkoa duen zerbait ez izatea edo behar adina ez izatea	related
huts		perfektua ez izatearen egoera	zenbait puntuazio-lehiaketatan, hasierako puntuazioa edota punturik eza	none
huts		perfektua ez izatearen egoera	(Fis.) materiarik ez dagoen espazio-aldea	none
huts		perfektua ez izatearen egoera	bere barnean ezer ez duena; ohi duenaz, daukanaz edo dagokionez gabetua	none
huts		perfektua ez izatearen egoera	elementu arrotzik ez duena, adierazten denaz besterik edo bestelakorik ez duena	none
huts		perfektua ez izatearen egoera	materia gabezia; ezer ez dagoen bitartea, ezereza	none
huts		materia gabezia; ezer ez dagoen bitartea, ezereza	lege, arau edo eginbide bat ez betetzea; horren ondorioa	none
huts		materia gabezia; ezer ez dagoen bitartea, ezereza	lortu edo egin behar edo nahi dena ez lortzea edo egitea	none
huts		materia gabezia; ezer ez dagoen bitartea, ezereza	zerbaitek beharrezkoa duen zerbait ez izatea edo behar adina ez izatea	none
huts		materia gabezia; ezer ez dagoen bitartea, ezereza	zenbait puntuazio-lehiaketatan, hasierako puntuazioa edota punturik eza	none
huts		materia gabezia; ezer ez dagoen bitartea, ezereza	(Fis.) materiarik ez dagoen espazio-aldea	none
huts		materia gabezia; ezer ez dagoen bitartea, ezereza	bere barnean ezer ez duena; ohi duenaz, daukanaz edo dagokionez gabetua	none
huts		materia gabezia; ezer ez dagoen bitartea, ezereza	elementu arrotzik ez duena, adierazten denaz besterik edo bestelakorik ez duena	none
huts		materia gabezia; ezer ez dagoen bitartea, ezereza	materia gabezia; ezer ez dagoen bitartea, ezereza	exact
huts		hutsegitea edo gabezia	lege, arau edo eginbide bat ez betetzea; horren ondorioa	none
huts		hutsegitea edo gabezia	lortu edo egin behar edo nahi dena ez lortzea edo egitea	exact
huts		hutsegitea edo gabezia	zerbaitek beharrezkoa duen zerbait ez izatea edo behar adina ez izatea	none
huts		hutsegitea edo gabezia	zenbait puntuazio-lehiaketatan, hasierako puntuazioa edota punturik eza	none
huts		hutsegitea edo gabezia	(Fis.) materiarik ez dagoen espazio-aldea	none
huts		hutsegitea edo gabezia	bere barnean ezer ez duena; ohi duenaz, daukanaz edo dagokionez gabetua	none
huts		hutsegitea edo gabezia	elementu arrotzik ez duena, adierazten denaz besterik edo bestelakorik ez duena	none
huts		hutsegitea edo gabezia	materia gabezia; ezer ez dagoen bitartea, ezereza	none
huts		judizio okerrari edo ezjakintasunari edo atentzio faltari dagokion ekintza okerra	lege, arau edo eginbide bat ez betetzea; horren ondorioa	none
huts		judizio okerrari edo ezjakintasunari edo atentzio faltari dagokion ekintza okerra	lortu edo egin behar edo nahi dena ez lortzea edo egitea	related
huts		judizio okerrari edo ezjakintasunari edo atentzio faltari dagokion ekintza okerra	zerbaitek beharrezkoa duen zerbait ez izatea edo behar adina ez izatea	none
huts		judizio okerrari edo ezjakintasunari edo atentzio faltari dagokion ekintza okerra	zenbait puntuazio-lehiaketatan, hasierako puntuazioa edota punturik eza	none
huts		judizio okerrari edo ezjakintasunari edo atentzio faltari dagokion ekintza okerra	(Fis.) materiarik ez dagoen espazio-aldea	none
huts		judizio okerrari edo ezjakintasunari edo atentzio faltari dagokion ekintza okerra	bere barnean ezer ez duena; ohi duenaz, daukanaz edo dagokionez gabetua	none
huts		judizio okerrari edo ezjakintasunari edo atentzio faltari dagokion ekintza okerra	elementu arrotzik ez duena, adierazten denaz besterik edo bestelakorik ez duena	none
huts		judizio okerrari edo ezjakintasunari edo atentzio faltari dagokion ekintza okerra	materia gabezia; ezer ez dagoen bitartea, ezereza	none
huts		ezerezaren adierazgarri den zenbakia	lege, arau edo eginbide bat ez betetzea; horren ondorioa	none
huts		ezerezaren adierazgarri den zenbakia	lortu edo egin behar edo nahi dena ez lortzea edo egitea	none
huts		ezerezaren adierazgarri den zenbakia	zerbaitek beharrezkoa duen zerbait ez izatea edo behar adina ez izatea	none
huts		ezerezaren adierazgarri den zenbakia	zenbait puntuazio-lehiaketatan, hasierako puntuazioa edota punturik eza	none
huts		ezerezaren adierazgarri den zenbakia	(Fis.) materiarik ez dagoen espazio-aldea	none
huts		ezerezaren adierazgarri den zenbakia	bere barnean ezer ez duena; ohi duenaz, daukanaz edo dagokionez gabetua	none
huts		ezerezaren adierazgarri den zenbakia	elementu arrotzik ez duena, adierazten denaz besterik edo bestelakorik ez duena	none
huts		ezerezaren adierazgarri den zenbakia	materia gabezia; ezer ez dagoen bitartea, ezereza	none
huts		baieztapen baten zati ez zuzena	lege, arau edo eginbide bat ez betetzea; horren ondorioa	none
huts		baieztapen baten zati ez zuzena	lortu edo egin behar edo nahi dena ez lortzea edo egitea	none
huts		baieztapen baten zati ez zuzena	zerbaitek beharrezkoa duen zerbait ez izatea edo behar adina ez izatea	none
huts		baieztapen baten zati ez zuzena	zenbait puntuazio-lehiaketatan, hasierako puntuazioa edota punturik eza	none
huts		baieztapen baten zati ez zuzena	(Fis.) materiarik ez dagoen espazio-aldea	none
huts		baieztapen baten zati ez zuzena	bere barnean ezer ez duena; ohi duenaz, daukanaz edo dagokionez gabetua	none
huts		baieztapen baten zati ez zuzena	elementu arrotzik ez duena, adierazten denaz besterik edo bestelakorik ez duena	none
huts		baieztapen baten zati ez zuzena	materia gabezia; ezer ez dagoen bitartea, ezereza	none
huts		kafea denaz besterik edo bestelakorik ez duena	lege, arau edo eginbide bat ez betetzea; horren ondorioa	none
huts		kafea denaz besterik edo bestelakorik ez duena	lortu edo egin behar edo nahi dena ez lortzea edo egitea	none
huts		kafea denaz besterik edo bestelakorik ez duena	zerbaitek beharrezkoa duen zerbait ez izatea edo behar adina ez izatea	none
huts		kafea denaz besterik edo bestelakorik ez duena	zenbait puntuazio-lehiaketatan, hasierako puntuazioa edota punturik eza	none
huts		kafea denaz besterik edo bestelakorik ez duena	(Fis.) materiarik ez dagoen espazio-aldea	none
huts		kafea denaz besterik edo bestelakorik ez duena	bere barnean ezer ez duena; ohi duenaz, daukanaz edo dagokionez gabetua	none
huts		kafea denaz besterik edo bestelakorik ez duena	elementu arrotzik ez duena, adierazten denaz besterik edo bestelakorik ez duena	narrower
huts		kafea denaz besterik edo bestelakorik ez duena	materia gabezia; ezer ez dagoen bitartea, ezereza	none
joko		irabazteko itxaropenarekin egiten den apostua, jokatzeko ekintza (sari bat irabazteko aukera ematen duen ordainketa barne)	atsegin hartzeko, eta askotan dirua bitarte dela, egiten den jarduera arautua, lehiaketa-sistemaren edo zoriaren ondorioz irabazlea eta galtzailea sortzen dituena	related
joko		irabazteko itxaropenarekin egiten den apostua, jokatzeko ekintza (sari bat irabazteko aukera ematen duen ordainketa barne)	atseginezko jarduera	none
joko		irabazteko itxaropenarekin egiten den apostua, jokatzeko ekintza (sari bat irabazteko aukera ematen duen ordainketa barne)	kartetan, jokalari bakoitzari banatzen zaizkion karten multzoa	none
joko		irabazteko itxaropenarekin egiten den apostua, jokatzeko ekintza (sari bat irabazteko aukera ematen duen ordainketa barne)	musean, lau karten artean hogeita hamar baino gehiago izatea; lau apustu-aukeratako azkena, hogeita hamarretik gorako puntu-mailaketa berezi baten arabera erabakitzen dena	none
joko		irabazteko itxaropenarekin egiten den apostua, jokatzeko ekintza (sari bat irabazteko aukera ematen duen ordainketa barne)	zerbaitetarako elkarrekin erabili ohi diren objektuen multzoa	none
joko		irabazteko itxaropenarekin egiten den apostua, jokatzeko ekintza (sari bat irabazteko aukera ematen duen ordainketa barne)	zenbait kirol-diziplina biltzen dituen lehiaketa-multzoa	none
joko		irabazteko itxaropenarekin egiten den apostua, jokatzeko ekintza (sari bat irabazteko aukera ematen duen ordainketa barne)	(Kir.) pilota-joko batzuetako partida banatzen den zati bakoitza	none
joko		irabazteko itxaropenarekin egiten den apostua, jokatzeko ekintza (sari bat irabazteko aukera ematen duen ordainketa barne)	(Kir.) tenisean, seta banatzen den unitatea	none
joko		irabazle bat aukeratzeko lehiaketa arautua	atsegin hartzeko, eta askotan dirua bitarte dela, egiten den jarduera arautua, lehiaketa-sistemaren edo zoriaren ondorioz irabazlea eta galtzailea sortzen dituena	broader
joko		irabazle bat aukeratzeko lehiaketa arautua	atseginezko jarduera	none
joko		irabazle bat aukeratzeko lehiaketa arautua	kartetan, jokalari bakoitzari banatzen zaizkion karten multzoa	none
joko		irabazle bat aukeratzeko lehiaketa arautua	musean, lau karten artean hogeita hamar baino gehiago izatea; lau apustu-aukeratako azkena, hogeita hamarretik gorako puntu-mailaketa berezi baten arabera erabakitzen dena	none
joko		irabazle bat aukeratzeko lehiaketa arautua	zerbaitetarako elkarrekin erabili ohi diren objektuen multzoa	none
joko		irabazle bat aukeratzeko lehiaketa arautua	zenbait kirol-diziplina biltzen dituen lehiaketa-multzoa	none
joko		irabazle bat aukeratzeko lehiaketa arautua	(Kir.) pilota-joko batzuetako partida banatzen den zati bakoitza	none
joko		irabazle bat aukeratzeko lehiaketa arautua	(Kir.) tenisean, seta banatzen den unitatea	none
joko		izen, izenordain eta adjektiboen inflexio bat	atsegin hartzeko, eta askotan dirua bitarte dela, egiten den jarduera arautua, lehiaketa-sistemaren edo zoriaren ondorioz irabazlea eta galtzailea sortzen dituena	none
joko		izen, izenordain eta adjektiboen inflexio bat	atseginezko jarduera	none
joko		izen, izenordain eta adjektiboen inflexio bat	kartetan, jokalari bakoitzari banatzen zaizkion karten multzoa	none
joko		izen, izenordain eta adjektiboen inflexio bat	musean, lau karten artean hogeita hamar baino gehiago izatea; lau apustu-aukeratako azkena, hogeita hamarretik gorako puntu-mailaketa berezi baten arabera erabakitzen dena	none
joko		izen, izenordain eta adjektiboen inflexio bat	zerbaitetarako elkarrekin erabili ohi diren objektuen multzoa	none
joko		izen, izenordain eta adjektiboen inflexio bat	zenbait kirol-diziplina biltzen dituen lehiaketa-multzoa	none
joko		izen, izenordain eta adjektiboen inflexio bat	(Kir.) pilota-joko batzuetako partida banatzen den zati bakoitza	none
joko		izen, izenordain eta adjektiboen inflexio bat	(Kir.) tenisean, seta banatzen den unitatea	none
joko		kirol askotako eta nazioarteko ekitaldi handia, lau urtean behin antolatzen dituztenak bai uda partean bai eta neguan ere	atsegin hartzeko, eta askotan dirua bitarte dela, egiten den jarduera arautua, lehiaketa-sistemaren edo zoriaren ondorioz irabazlea eta galtzailea sortzen dituena	none
joko		kirol askotako eta nazioarteko ekitaldi handia, lau urtean behin antolatzen dituztenak bai uda partean bai eta neguan ere	atseginezko jarduera	none
joko		kirol askotako eta nazioarteko ekitaldi handia, lau urtean behin antolatzen dituztenak bai uda partean bai eta neguan ere	kartetan, jokalari bakoitzari banatzen zaizkion karten multzoa	none
joko		kirol askotako eta nazioarteko ekitaldi handia, lau urtean behin antolatzen dituztenak bai uda partean bai eta neguan ere	musean, lau karten artean hogeita hamar baino gehiago izatea; lau apustu-aukeratako azkena, hogeita hamarretik gorako puntu-mailaketa berezi baten arabera erabakitzen dena	none
joko		kirol askotako eta nazioarteko ekitaldi handia, lau urtean behin antolatzen dituztenak bai uda partean bai eta neguan ere	zerbaitetarako elkarrekin erabili ohi diren objektuen multzoa	none
joko		kirol askotako eta nazioarteko ekitaldi handia, lau urtean behin antolatzen dituztenak bai uda partean bai eta neguan ere	zenbait kirol-diziplina biltzen dituen lehiaketa-multzoa	related
joko		kirol askotako eta nazioarteko ekitaldi handia, lau urtean behin antolatzen dituztenak bai uda partean bai eta neguan ere	(Kir.) pilota-joko batzuetako partida banatzen den zati bakoitza	none
joko		kirol askotako eta nazioarteko ekitaldi handia, lau urtean behin antolatzen dituztenak bai uda partean bai eta neguan ere	(Kir.) tenisean, seta banatzen den unitatea	none
joko		objektu batzuekin batera lan egiteko konbinaketa	atsegin hartzeko, eta askotan dirua bitarte dela, egiten den jarduera arautua, lehiaketa-sistemaren edo zoriaren ondorioz irabazlea eta galtzailea sortzen dituena	none
joko		objektu batzuekin batera lan egiteko konbinaketa	atseginezko jarduera	none
joko		objektu batzuekin batera lan egiteko konbinaketa	kartetan, jokalari bakoitzari banatzen zaizkion karten multzoa	none
joko		objektu batzuekin batera lan egiteko konbinaketa	musean, lau karten artean hogeita hamar baino gehiago izatea; lau apustu-aukeratako azkena, hogeita hamarretik gorako puntu-mailaketa berezi baten arabera erabakitzen dena	none
joko		objektu batzuekin batera lan egiteko konbinaketa	zerbaitetarako elkarrekin erabili ohi diren objektuen multzoa	exact
joko		objektu batzuekin batera lan egiteko konbinaketa	zenbait kirol-diziplina biltzen dituen lehiaketa-multzoa	none
joko		objektu batzuekin batera lan egiteko konbinaketa	(Kir.) pilota-joko batzuetako partida banatzen den zati bakoitza	none
joko		objektu batzuekin batera lan egiteko konbinaketa	(Kir.) tenisean, seta banatzen den unitatea	none
joko		trebeziazko mugimendu koordinatua	atsegin hartzeko, eta askotan dirua bitarte dela, egiten den jarduera arautua, lehiaketa-sistemaren edo zoriaren ondorioz irabazlea eta galtzailea sortzen dituena	none
joko		trebeziazko mugimendu koordinatua	atseginezko jarduera	none
joko		trebeziazko mugimendu koordinatua	kartetan, jokalari bakoitzari banatzen zaizkion karten multzoa	none
joko		trebeziazko mugimendu koordinatua	musean, lau karten artean hogeita hamar baino gehiago izatea; lau apustu-aukeratako azkena, hogeita hamarretik gorako puntu-mailaketa berezi baten arabera erabakitzen dena	none
joko		trebeziazko mugimendu koordinatua	zerbaitetarako elkarrekin erabili ohi diren objektuen multzoa	none
joko		trebeziazko mugimendu koordinatua	zenbait kirol-diziplina biltzen dituen lehiaketa-multzoa	none
joko		trebeziazko mugimendu koordinatua	(Kir.) pilota-joko batzuetako partida banatzen den zati bakoitza	none
joko		trebeziazko mugimendu koordinatua	(Kir.) tenisean, seta banatzen den unitatea	none
joko		jokaldi makurra, azpijokoz eta norbaiten kaltetan egindako ekintza	atsegin hartzeko, eta askotan dirua bitarte dela, egiten den jarduera arautua, lehiaketa-sistemaren edo zoriaren ondorioz irabazlea eta galtzailea sortzen dituena	none
joko		jokaldi makurra, azpijokoz eta norbaiten kaltetan egindako ekintza	atseginezko jarduera	none
joko		jokaldi makurra, azpijokoz eta norbaiten kaltetan egindako ekintza	kartetan, jokalari bakoitzari banatzen zaizkion karten multzoa	none
joko		jokaldi makurra, azpijokoz eta norbaiten kaltetan egindako ekintza	musean, lau karten artean hogeita hamar baino gehiago izatea; lau apustu-aukeratako azkena, hogeita hamarretik gorako puntu-mailaketa berezi baten arabera erabakitzen dena	none
joko		jokaldi makurra, azpijokoz eta norbaiten kaltetan egindako ekintza	zerbaitetarako elkarrekin erabili ohi diren objektuen multzoa	none
joko		jokaldi makurra, azpijokoz eta norbaiten kaltetan egindako ekintza	zenbait kirol-diziplina biltzen dituen lehiaketa-multzoa	none
joko		jokaldi makurra, azpijokoz eta norbaiten kaltetan egindako ekintza	(Kir.) pilota-joko batzuetako partida banatzen den zati bakoitza	none
joko		jokaldi makurra, azpijokoz eta norbaiten kaltetan egindako ekintza	(Kir.) tenisean, seta banatzen den unitatea	none
joko		denbora pasa edo olgeta	atsegin hartzeko, eta askotan dirua bitarte dela, egiten den jarduera arautua, lehiaketa-sistemaren edo zoriaren ondorioz irabazlea eta galtzailea sortzen dituena	none
joko		denbora pasa edo olgeta	atseginezko jarduera	related
joko		denbora pasa edo olgeta	kartetan, jokalari bakoitzari banatzen zaizkion karten multzoa	none
joko		denbora pasa edo olgeta	musean, lau karten artean hogeita hamar baino gehiago izatea; lau apustu-aukeratako azkena, hogeita hamarretik gorako puntu-mailaketa berezi baten arabera erabakitzen dena	none
joko		denbora pasa edo olgeta	zerbaitetarako elkarrekin erabili ohi diren objektuen multzoa	none
joko		denbora pasa edo olgeta	zenbait kirol-diziplina biltzen dituen lehiaketa-multzoa	none
joko		denbora pasa edo olgeta	(Kir.) pilota-joko batzuetako partida banatzen den zati bakoitza	none
joko		denbora pasa edo olgeta	(Kir.) tenisean, seta banatzen den unitatea	none
lege		joko bat definitzen edo kirol bat zuzentzen den modua	gizartean hartarako eskudun denak ezarritako araua edo arau-multzoa, orokorra eta nahitaez bete beharrekoa; zentzu hertsian, entitate politiko (estatu) baten botere legegileak sortutako arau edo arau-multzoa	none
lege		joko bat definitzen edo kirol bat zuzentzen den modua	legeek araututako guztia; legezko diren gauza guztien multzoa	none
lege		joko bat definitzen edo kirol bat zuzentzen den modua	gizarte-harremanetan, zenbait jardueratan eta abarretan, araua	none
lege		joko bat definitzen edo kirol bat zuzentzen den modua	naturako fenomenoek elkarren artean agertzen duten lotura edo erlazio orokor eta iraunkorra, kausa jakin batek efektu jakin bat sortuko duela aurresatea ahalbidetzen duena; delako lotura edo erlazioaren adierazpena	none
lege		gertakariez ari diren deskribapen orokorrak (zientzietan edo matematikan)	gizartean hartarako eskudun denak ezarritako araua edo arau-multzoa, orokorra eta nahitaez bete beharrekoa; zentzu hertsian, entitate politiko (estatu) baten botere legegileak sortutako arau edo arau-multzoa	none
lege		gertakariez ari diren deskribapen orokorrak (zientzietan edo matematikan)	legeek araututako guztia; legezko diren gauza guztien multzoa	none
lege		gertakariez ari diren deskribapen orokorrak (zientzietan edo matematikan)	gizarte-harremanetan, zenbait jardueratan eta abarretan, araua	none
lege		gertakariez ari diren deskribapen orokorrak (zientzietan edo matematikan)	naturako fenomenoek elkarren artean agertzen duten lotura edo erlazio orokor eta iraunkorra, kausa jakin batek efektu jakin bat sortuko duela aurresatea ahalbidetzen duena; delako lotura edo erlazioaren adierazpena	broader
lege		arrazonamendu edo jarrera baterako oinarri gisa erabilia edo egi gisa hartua den deskribapen orokor bat	gizartean hartarako eskudun denak ezarritako araua edo arau-multzoa, orokorra eta nahitaez bete beharrekoa; zentzu hertsian, entitate politiko (estatu) baten botere legegileak sortutako arau edo arau-multzoa	none
lege		arrazonamendu edo jarrera baterako oinarri gisa erabilia edo egi gisa hartua den deskribapen orokor bat	legeek araututako guztia; legezko diren gauza guztien multzoa	none
lege		arrazonamendu edo jarrera baterako oinarri gisa erabilia edo egi gisa hartua den deskribapen orokor bat	gizarte-harremanetan, zenbait jardueratan eta abarretan, araua	none
lege		arrazonamendu edo jarrera baterako oinarri gisa erabilia edo egi gisa hartua den deskribapen orokor bat	naturako fenomenoek elkarren artean agertzen duten lotura edo erlazio orokor eta iraunkorra, kausa jakin batek efektu jakin bat sortuko duela aurresatea ahalbidetzen duena; delako lotura edo erlazioaren adierazpena	none
lege		aktibitate bat gobernatzen duen multzoko arau bat edo araua ezartzen duen legezko dokumentu bat	gizartean hartarako eskudun denak ezarritako araua edo arau-multzoa, orokorra eta nahitaez bete beharrekoa; zentzu hertsian, entitate politiko (estatu) baten botere legegileak sortutako arau edo arau-multzoa	none
lege		aktibitate bat gobernatzen duen multzoko arau bat edo araua ezartzen duen legezko dokumentu bat	legeek araututako guztia; legezko diren gauza guztien multzoa	none
lege		aktibitate bat gobernatzen duen multzoko arau bat edo araua ezartzen duen legezko dokumentu bat	gizarte-harremanetan, zenbait jardueratan eta abarretan, araua	related
lege		aktibitate bat gobernatzen duen multzoko arau bat edo araua ezartzen duen legezko dokumentu bat	naturako fenomenoek elkarren artean agertzen duten lotura edo erlazio orokor eta iraunkorra, kausa jakin batek efektu jakin bat sortuko duela aurresatea ahalbidetzen duena; delako lotura edo erlazioaren adierazpena	none
lege		gizartean bizi diren gizakien arteko harremanak bideratzeko eta erregulatzeko aginteak inposatzen dituen arauen multzoa	gizartean hartarako eskudun denak ezarritako araua edo arau-multzoa, orokorra eta nahitaez bete beharrekoa; zentzu hertsian, entitate politiko (estatu) baten botere legegileak sortutako arau edo arau-multzoa	broader
lege		gizartean bizi diren gizakien arteko harremanak bideratzeko eta erregulatzeko aginteak inposatzen dituen arauen multzoa	legeek araututako guztia; legezko diren gauza guztien multzoa	none
lege		gizartean bizi diren gizakien arteko harremanak bideratzeko eta erregulatzeko aginteak inposatzen dituen arauen multzoa	gizarte-harremanetan, zenbait jardueratan eta abarretan, araua	none
lege		gizartean bizi diren gizakien arteko harremanak bideratzeko eta erregulatzeko aginteak inposatzen dituen arauen multzoa	naturako fenomenoek elkarren artean agertzen duten lotura edo erlazio orokor eta iraunkorra, kausa jakin batek efektu jakin bat sortuko duela aurresatea ahalbidetzen duena; delako lotura edo erlazioaren adierazpena	none
lege		zerbaiten jardunbidea antolatzen duen arau-multzoa	gizartean hartarako eskudun denak ezarritako araua edo arau-multzoa, orokorra eta nahitaez bete beharrekoa; zentzu hertsian, entitate politiko (estatu) baten botere legegileak sortutako arau edo arau-multzoa	none
lege		zerbaiten jardunbidea antolatzen duen arau-multzoa	legeek araututako guztia; legezko diren gauza guztien multzoa	none
lege		zerbaiten jardunbidea antolatzen duen arau-multzoa	gizarte-harremanetan, zenbait jardueratan eta abarretan, araua	related
lege		zerbaiten jardunbidea antolatzen duen arau-multzoa	naturako fenomenoek elkarren artean agertzen duten lotura edo erlazio orokor eta iraunkorra, kausa jakin batek efektu jakin bat sortuko duela aurresatea ahalbidetzen duena; delako lotura edo erlazioaren adierazpena	none
modu		jarduera bat burutzeko erabiltzen den teknika	era, gisa, moldea	narrower
modu		jarduera bat burutzeko erabiltzen den teknika	(Hizkl.) aditzaren morfologia-kategoria, hiztunak mezuko ekintzarekiko duen jarrera azaltzen duena (hau da, horrekiko duen ziurtasuna)	none
modu		jarduera bat burutzeko erabiltzen den teknika	(Mus.) sistema tonalean, III. graduaren arabera sortzen diren eskala-multzoetako bakoitza. III. gradua maiorra edo minorra den, modu maiorra eta minorrak sortzen dira	none
modu		jomuga edo emaitza bat lortzeko era	era, gisa, moldea	narrower
modu		jomuga edo emaitza bat lortzeko era	(Hizkl.) aditzaren morfologia-kategoria, hiztunak mezuko ekintzarekiko duen jarrera azaltzen duena (hau da, horrekiko duen ziurtasuna)	none
modu		jomuga edo emaitza bat lortzeko era	(Mus.) sistema tonalean, III. graduaren arabera sortzen diren eskala-multzoetako bakoitza. III. gradua maiorra edo minorra den, modu maiorra eta minorrak sortzen dira	none
modu		aditzaren morfologia-kategoria, hiztunak mezuko ekintzarekiko duen jarrera azaltzen duena	era, gisa, moldea	none
modu		aditzaren morfologia-kategoria, hiztunak mezuko ekintzarekiko duen jarrera azaltzen duena	(Hizkl.) aditzaren morfologia-kategoria, hiztunak mezuko ekintzarekiko duen jarrera azaltzen duena (hau da, horrekiko duen ziurtasuna)	exact
modu		aditzaren morfologia-kategoria, hiztunak mezuko ekintzarekiko duen jarrera azaltzen duena	(Mus.) sistema tonalean, III. graduaren arabera sortzen diren eskala-multzoetako bakoitza. III. gradua maiorra edo minorra den, modu maiorra eta minorrak sortzen dira	none
ordu		leku batetik bestera joateko behar den denboraren neurria	eguna (hots, batez besteko eguzki-eguna) banatzen den hogeita lau zati berdinetako bakoitza	none
ordu		leku batetik bestera joateko behar den denboraren neurria	denbora-unitatea (h), 3.600 segundo edo 60 minutu balio duena	related
ordu		leku batetik bestera joateko behar den denboraren neurria	eguneko une jakina, bereziki, zerbait egiten edo gertatzen denekoa; garaia, unea	none
ordu		erlojuak adierazten duen denbora	eguna (hots, batez besteko eguzki-eguna) banatzen den hogeita lau zati berdinetako bakoitza	none
ordu		erlojuak adierazten duen denbora	denbora-unitatea (h), 3.600 segundo edo 60 minutu balio duena	none
ordu		erlojuak adierazten duen denbora	eguneko une jakina, bereziki, zerbait egiten edo gertatzen denekoa; garaia, unea	none
ordu		egunaren 1/24rena adierazten duen denboraldia	eguna (hots, batez besteko eguzki-eguna) banatzen den hogeita lau zati berdinetako bakoitza	exact
ordu		egunaren 1/24rena adierazten duen denboraldia	denbora-unitatea (h), 3.600 segundo edo 60 minutu balio duena	none
ordu		egunaren 1/24rena adierazten duen denboraldia	eguneko une jakina, bereziki, zerbait egiten edo gertatzen denekoa; garaia, unea	none
ordu		eguneko momentua	eguna (hots, batez besteko eguzki-eguna) banatzen den hogeita lau zati berdinetako bakoitza	none
ordu		eguneko momentua	denbora-unitatea (h), 3.600 segundo edo 60 minutu balio duena	none
ordu		eguneko momentua	eguneko une jakina, bereziki, zerbait egiten edo gertatzen denekoa; garaia, unea	broader
ordu		momentu egokia	eguna (hots, batez besteko eguzki-eguna) banatzen den hogeita lau zati berdinetako bakoitza	none
ordu		momentu egokia	denbora-unitatea (h), 3.600 segundo edo 60 minutu balio duena	none
ordu		momentu egokia	eguneko une jakina, bereziki, zerbait egiten edo gertatzen denekoa; garaia, unea	none
proiektu		zerbait egikaritzeko egiten den zirriborroa	egitasmoa	none
proiektu		zerbait egikaritzeko egiten den zirriborroa	lege, arau, tratatu eta abarren zirriborroa	broader
proiektu		zerbait egikaritzeko egiten den zirriborroa	egin nahi den obra, eraikin, instalazio, makina eta abarri buruzko plano eta dokumentuen multzoa	none
proiektu		esfortzu handia eskatzen duen eskola-lana	egitasmoa	none
proiektu		esfortzu handia eskatzen duen eskola-lana	lege, arau, tratatu eta abarren zirriborroa	none
proiektu		esfortzu handia eskatzen duen eskola-lana	egin nahi den obra, eraikin, instalazio, makina eta abarri buruzko plano eta dokumentuen multzoa	none
proiektu		egin nahi den lan garrantzitsu bati buruzko plan xehatua	egitasmoa	none
proiektu		egin nahi den lan garrantzitsu bati buruzko plan xehatua	lege, arau, tratatu eta abarren zirriborroa	none
proiektu		egin nahi den lan garrantzitsu bati buruzko plan xehatua	egin nahi den obra, eraikin, instalazio, makina eta abarri buruzko plano eta dokumentuen multzoa	broader
txapel		edozein buru-estalki	burua estaltzeko eramaten den artilezko buru-estalki biribil eta zapala	none
txapel		edozein buru-estalki	edozein buru-estalki	exact
txapel		edozein buru-estalki	kondoia, preserbatiboa	none
txapel		edozein buru-estalki	(Kir.) lehiaketa bat irabazi duenaren adierazgarria, euskal kiroletan bereziki	none
txapel		edozein buru-estalki	(Mikol.) perretxiko gehienen goialdeko estalki-moduko zati zabala	none
txapel		kautxuzko edo material plastikozko gailua, zakilean edo umetokiaren lepoan jarrita kontrazepziorako erabiltzen dena	burua estaltzeko eramaten den artilezko buru-estalki biribil eta zapala	none
txapel		kautxuzko edo material plastikozko gailua, zakilean edo umetokiaren lepoan jarrita kontrazepziorako erabiltzen dena	edozein buru-estalki	none
txapel		kautxuzko edo material plastikozko gailua, zakilean edo umetokiaren lepoan jarrita kontrazepziorako erabiltzen dena	kondoia, preserbatiboa	exact
txapel		kautxuzko edo material plastikozko gailua, zakilean edo umetokiaren lepoan jarrita kontrazepziorako erabiltzen dena	(Kir.) lehiaketa bat irabazi duenaren adierazgarria, euskal kiroletan bereziki	none
txapel		kautxuzko edo material plastikozko gailua, zakilean edo umetokiaren lepoan jarrita kontrazepziorako erabiltzen dena	(Mikol.) perretxiko gehienen goialdeko estalki-moduko zati zabala	none
txapel		irabazi den norgehiagoka baten ordainez eman edo hartzen dena	burua estaltzeko eramaten den artilezko buru-estalki biribil eta zapala	none
txapel		irabazi den norgehiagoka baten ordainez eman edo hartzen dena	edozein buru-estalki	none
txapel		irabazi den norgehiagoka baten ordainez eman edo hartzen dena	kondoia, preserbatiboa	none
txapel		irabazi den norgehiagoka baten ordainez eman edo hartzen dena	(Kir.) lehiaketa bat irabazi duenaren adierazgarria, euskal kiroletan bereziki	exact
txapel		irabazi den norgehiagoka baten ordainez eman edo hartzen dena	(Mikol.) perretxiko gehienen goialdeko estalki-moduko zati zabala	none
txapel		perretxiko gehienen goialdeko estalki-moduko zati zabala	burua estaltzeko eramaten den artilezko buru-estalki biribil eta zapala	none
txapel		perretxiko gehienen goialdeko estalki-moduko zati zabala	edozein buru-estalki	none
txapel		perretxiko gehienen goialdeko estalki-moduko zati zabala	kondoia, preserbatiboa	none
txapel		perretxiko gehienen goialdeko estalki-moduko zati zabala	(Kir.) lehiaketa bat irabazi duenaren adierazgarria, euskal kiroletan bereziki	none
txapel		perretxiko gehienen goialdeko estalki-moduko zati zabala	(Mikol.) perretxiko gehienen goialdeko estalki-moduko zati zabala	exact
txapel		burua estaltzeko eramaten den artilezko atal bakarreko buru-estalki biribil eta zapala	burua estaltzeko eramaten den artilezko buru-estalki biribil eta zapala	exact
txapel		burua estaltzeko eramaten den artilezko atal bakarreko buru-estalki biribil eta zapala	edozein buru-estalki	none
txapel		burua estaltzeko eramaten den artilezko atal bakarreko buru-estalki biribil eta zapala	kondoia, preserbatiboa	none
txapel		burua estaltzeko eramaten den artilezko atal bakarreko buru-estalki biribil eta zapala	(Kir.) lehiaketa bat irabazi duenaren adierazgarria, euskal kiroletan bereziki	none
txapel		burua estaltzeko eramaten den artilezko atal bakarreko buru-estalki biribil eta zapala	(Mikol.) perretxiko gehienen goialdeko estalki-moduko zati zabala	none
administrazio		estatuaren, lurralde baten gobernatzearen gauzatzeaz arduratzen den pertsona taldea	zerbitzu publikoa	related
administrazio		estatuaren, lurralde baten gobernatzearen gauzatzeaz arduratzen den pertsona taldea	erakunde publikoen zerbitzuen multzoa	related
administrazio		estatuaren, lurralde baten gobernatzearen gauzatzeaz arduratzen den pertsona taldea	administratzea (ekintza eta ondorioa)	none
administrazio		helburu jakin batzuk lortzea xede duen enpresa-jarduera burutzeko erabiltzen den arau, prozedura eta eragiketa-metodoen multzoa	zerbitzu publikoa	none
administrazio		helburu jakin batzuk lortzea xede duen enpresa-jarduera burutzeko erabiltzen den arau, prozedura eta eragiketa-metodoen multzoa	erakunde publikoen zerbitzuen multzoa	none
administrazio		helburu jakin batzuk lortzea xede duen enpresa-jarduera burutzeko erabiltzen den arau, prozedura eta eragiketa-metodoen multzoa	administratzea (ekintza eta ondorioa)	narrower
amorru		garra, lehia bizia; haserrea	haserre bizi eta oldartsua	exact
amorru		garra, lehia bizia; haserrea	gogo edo lehia amorratua	none
amorru		garra, lehia bizia; haserrea	(Med.) zenbait animaliari (txakur, otso, katu eta abarri) erasaten dien birus batek sortutako gaixotasuna, hozkadaz gizakiari kutsa dakiokeena eta nerbio-sistemari eragiten diona	none
auzo		hiri bat edo hiri-barruti bat banatzen den zati bakoitza	norbaiti buruz, inguruko etxeren batean bizi den laguna	none
auzo		hiri bat edo hiri-barruti bat banatzen den zati bakoitza	herri batean, kaletik bereizirik dagoen etxe-multzoa	related
auzo		hiri bat edo hiri-barruti bat banatzen den zati bakoitza	hiri bat edo hiri-barruti bat banatzen den zati bakoitza	exact
auzo		hiri bat edo hiri-barruti bat banatzen den zati bakoitza	herri edo hiri bateko biztanlea	none
auzo		hiri bat edo hiri-barruti bat banatzen den zati bakoitza	hitz-elkarte baten lehen osagai gisa, udalaren jabetzakoa edo ardurapekoa dena	none
efektu		giza zentzumen batean estimulu batek eragindako sentsazioa	kausa baten jardueraren emaitza	none
efektu		giza zentzumen batean estimulu batek eragindako sentsazioa	giza zentzumen batean estimulu batek eragindako sentsazioa; norbaitek horrelako sentsazioa eragiteko helburuz eratutako edozer	exact
efektu		giza zentzumen batean estimulu batek eragindako sentsazioa	(Kir.) era bereziz joz, pilotari, baloiari eta antzekoei emanarazten zaien higidura kurbatua	none
efektu		kausa batetatik sortua den fenomeno bat	kausa baten jardueraren emaitza	exact
efektu		kausa batetatik sortua den fenomeno bat	giza zentzumen batean estimulu batek eragindako sentsazioa; norbaitek horrelako sentsazioa eragiteko helburuz eratutako edozer	none
efektu		kausa batetatik sortua den fenomeno bat	(Kir.) era bereziz joz, pilotari, baloiari eta antzekoei emanarazten zaien higidura kurbatua	none
falta		faltan dagoen zerbait behar izatearen egoera	hutsa, hobena	none
falta		faltan dagoen zerbait behar izatearen egoera	errua; akatsa	none
falta		faltan dagoen zerbait behar izatearen egoera	gabezia, eza	exact
falta		faltan dagoen zerbait behar izatearen egoera	(Kir.) kirol bateko arauen kontrako ekintza	none
falta		faltan dagoen zerbait behar izatearen egoera	(Kir.) pilota-jokoan, sakea egitean pilotak gainditu behar duen falta-marra ez gainditzean datzan hutsa	none
falta		faltan dagoen zerbait behar izatearen egoera	(Zuz.) hutsegitea	none
falta		lege, arau edo eginbide bat ez betetzea; horren ondorioa	hutsa, hobena	none
falta		lege, arau edo eginbide bat ez betetzea; horren ondorioa	errua; akatsa	narrower
falta		lege, arau edo eginbide bat ez betetzea; horren ondorioa	gabezia, eza	none
falta		lege, arau edo eginbide bat ez betetzea; horren ondorioa	(Kir.) kirol bateko arauen kontrako ekintza	broader
falta		lege, arau edo eginbide bat ez betetzea; horren ondorioa	(Kir.) pilota-jokoan, sakea egitean pilotak gainditu behar duen falta-marra ez gainditzean datzan hutsa	broader
falta		lege, arau edo eginbide bat ez betetzea; horren ondorioa	(Zuz.) hutsegitea	broader
falta		judizio okerrari edo ezjakintasunari edo atentzio faltari dagokion ekintza okerra	hutsa, hobena	narrower
falta		judizio okerrari edo ezjakintasunari edo atentzio faltari dagokion ekintza okerra	errua; akatsa	none
falta		judizio okerrari edo ezjakintasunari edo atentzio faltari dagokion ekintza okerra	gabezia, eza	none
falta		judizio okerrari edo ezjakintasunari edo atentzio faltari dagokion ekintza okerra	(Kir.) kirol bateko arauen kontrako ekintza	none
falta		judizio okerrari edo ezjakintasunari edo atentzio faltari dagokion ekintza okerra	(Kir.) pilota-jokoan, sakea egitean pilotak gainditu behar duen falta-marra ez gainditzean datzan hutsa	none
falta		judizio okerrari edo ezjakintasunari edo atentzio faltari dagokion ekintza okerra	(Zuz.) hutsegitea	none
gudu		herri, giza talde edo estatu bi edo gehiagoren arteko arma bidezko borroka	borroka	none
gudu		herri, giza talde edo estatu bi edo gehiagoren arteko arma bidezko borroka	bataila	none
gudu		herri, giza talde edo estatu bi edo gehiagoren arteko arma bidezko borroka	gerra	exact
gudu		gutxienez bi talde armatu, batez ere, talde militarrak borrokara lotzea	borroka	narrower
gudu		gutxienez bi talde armatu, batez ere, talde militarrak borrokara lotzea	bataila	exact
gudu		gutxienez bi talde armatu, batez ere, talde militarrak borrokara lotzea	gerra	none
industria		mota jakin bateko merkataritza-enpresa batean jarduten duen jendea	(Ekon.) lehengaiak landuz eta transformatuz, ondasun materialak eta kontsumo-gaiak ekoiztea helburu duten ekonomia-jardueren multzoa	none
industria		mota jakin bateko merkataritza-enpresa batean jarduten duen jendea	(Ekon.) jarduera-multzo horietako adar jakin bat; adar horretan diharduen enpresa-multzoa	none
industria		mota jakin bateko merkataritza-enpresa batean jarduten duen jendea	industria-alorreko enpresa, fabrika	none
industria		mota jakin bateko merkataritza-enpresa batean jarduten duen jendea	historiaurrean, teknika berbera erabiliz eginiko tresna-multzoa	none
industria		salmentarako diren produktuak fabrikatzeko jarduera antolatua	(Ekon.) lehengaiak landuz eta transformatuz, ondasun materialak eta kontsumo-gaiak ekoiztea helburu duten ekonomia-jardueren multzoa	broader
industria		salmentarako diren produktuak fabrikatzeko jarduera antolatua	(Ekon.) jarduera-multzo horietako adar jakin bat; adar horretan diharduen enpresa-multzoa	broader
industria		salmentarako diren produktuak fabrikatzeko jarduera antolatua	industria-alorreko enpresa, fabrika	none
industria		salmentarako diren produktuak fabrikatzeko jarduera antolatua	historiaurrean, teknika berbera erabiliz eginiko tresna-multzoa	none
industria		industria lana egiteko eraikina	(Ekon.) lehengaiak landuz eta transformatuz, ondasun materialak eta kontsumo-gaiak ekoiztea helburu duten ekonomia-jardueren multzoa	none
industria		industria lana egiteko eraikina	(Ekon.) jarduera-multzo horietako adar jakin bat; adar horretan diharduen enpresa-multzoa	none
industria		industria lana egiteko eraikina	industria-alorreko enpresa, fabrika	exact
industria		industria lana egiteko eraikina	historiaurrean, teknika berbera erabiliz eginiko tresna-multzoa	none
jende		herri xeheak osatzen duen multzo handia	pertsona-kopuru zehaztu eta mugatu gabea, multzotzat hartua	none
jende		herri xeheak osatzen duen multzo handia	pertsona	none
jende		herri xeheak osatzen duen multzo handia	adeitsua	none
jende		pertsona multzoa	pertsona-kopuru zehaztu eta mugatu gabea, multzotzat hartua	exact
jende		pertsona multzoa	pertsona	related
jende		pertsona multzoa	adeitsua	none
kontu		zerbaitetan, arriskua dagoelako edo beste arrazoiren batengatik jartzen den arreta berezia	kopuru baten zenbatze edo mugatzea	none
kontu		zerbaitetan, arriskua dagoelako edo beste arrazoiren batengatik jartzen den arreta berezia	irabazien edo gastuen zenbatekoa dakarren agiria	none
kontu		zerbaitetan, arriskua dagoelako edo beste arrazoiren batengatik jartzen den arreta berezia	arreta, ardura, arta	narrower
kontu		zerbaitetan, arriskua dagoelako edo beste arrazoiren batengatik jartzen den arreta berezia	gertatzen, egiten, pentsatzen edo esaten den gauza; gaia; arazoa	none
kontu		zerbaitetan, arriskua dagoelako edo beste arrazoiren batengatik jartzen den arreta berezia	ipuina	none
kontu		zerbaitetan, arriskua dagoelako edo beste arrazoiren batengatik jartzen den arreta berezia	(Ekon.) pertsona batek aurrezki-kutxan edo bankuan kopuru bat gordailutzean eratzen den kontratua	none
kontu		zerbaitetan jartzen den gogo-ohartasuna	kopuru baten zenbatze edo mugatzea	none
kontu		zerbaitetan jartzen den gogo-ohartasuna	irabazien edo gastuen zenbatekoa dakarren agiria	none
kontu		zerbaitetan jartzen den gogo-ohartasuna	arreta, ardura, arta	none
kontu		zerbaitetan jartzen den gogo-ohartasuna	gertatzen, egiten, pentsatzen edo esaten den gauza; gaia; arazoa	none
kontu		zerbaitetan jartzen den gogo-ohartasuna	ipuina	none
kontu		zerbaitetan jartzen den gogo-ohartasuna	(Ekon.) pertsona batek aurrezki-kutxan edo bankuan kopuru bat gordailutzean eratzen den kontratua	none
kontu		zehaztugabeko gertakaria	kopuru baten zenbatze edo mugatzea	none
kontu		zehaztugabeko gertakaria	irabazien edo gastuen zenbatekoa dakarren agiria	none
kontu		zehaztugabeko gertakaria	arreta, ardura, arta	none
kontu		zehaztugabeko gertakaria	gertatzen, egiten, pentsatzen edo esaten den gauza; gaia; arazoa	none
kontu		zehaztugabeko gertakaria	ipuina	none
kontu		zehaztugabeko gertakaria	(Ekon.) pertsona batek aurrezki-kutxan edo bankuan kopuru bat gordailutzean eratzen den kontratua	none
kontu		hausnartzera daraman egoera edo ekintza	kopuru baten zenbatze edo mugatzea	none
kontu		hausnartzera daraman egoera edo ekintza	irabazien edo gastuen zenbatekoa dakarren agiria	none
kontu		hausnartzera daraman egoera edo ekintza	arreta, ardura, arta	none
kontu		hausnartzera daraman egoera edo ekintza	gertatzen, egiten, pentsatzen edo esaten den gauza; gaia; arazoa	narrower
kontu		hausnartzera daraman egoera edo ekintza	ipuina	none
kontu		hausnartzera daraman egoera edo ekintza	(Ekon.) pertsona batek aurrezki-kutxan edo bankuan kopuru bat gordailutzean eratzen den kontratua	none
kontu		zerbaitek eskatzen duen ardura	kopuru baten zenbatze edo mugatzea	none
kontu		zerbaitek eskatzen duen ardura	irabazien edo gastuen zenbatekoa dakarren agiria	none
kontu		zerbaitek eskatzen duen ardura	arreta, ardura, arta	none
kontu		zerbaitek eskatzen duen ardura	gertatzen, egiten, pentsatzen edo esaten den gauza; gaia; arazoa	none
kontu		zerbaitek eskatzen duen ardura	ipuina	none
kontu		zerbaitek eskatzen duen ardura	(Ekon.) pertsona batek aurrezki-kutxan edo bankuan kopuru bat gordailutzean eratzen den kontratua	none
lo		jarduera kontzientea eten eta inguruneko estimuluekiko erreakzio-ahalmena moteltzean datzan organismoaren aldizkako egoera	jarduera kontzientea eten eta inguruneko estimuluekiko erreakzio-ahalmena moteltzen den organismoaren aldizkako egoera	exact
nortasun		zerbaiten izaera eratzen duten ezaugarrien multzoa	gizabanako bakoitzaren izaera eratzen duten ezaugarrien multzoa	none
nortasun		zerbaiten izaera eratzen duten ezaugarrien multzoa	pertsona bat besteengandik nolabait bereizten duten eta halako mailan nabarmen izatea dakarten ezaugarrien multzoa	none
nortasun		zerbaiten izaera eratzen duten ezaugarrien multzoa	zerbaiten izaera eratzen duten ezaugarrien multzoa	exact
nortasun		gizabanako bakoitzaren izaera eratzen duten ezaugarrien multzoa	gizabanako bakoitzaren izaera eratzen duten ezaugarrien multzoa	exact
nortasun		gizabanako bakoitzaren izaera eratzen duten ezaugarrien multzoa	pertsona bat besteengandik nolabait bereizten duten eta halako mailan nabarmen izatea dakarten ezaugarrien multzoa	broader
nortasun		gizabanako bakoitzaren izaera eratzen duten ezaugarrien multzoa	zerbaiten izaera eratzen duten ezaugarrien multzoa	none
pieza		sortua izan den musika-lana	makina, tresna edo mekanismo baten banakako osagai bakoitza	none
pieza		sortua izan den musika-lana	hainbat jokotan, xakean eta dama-jokoan esaterako, erabiltzen den fitxa edo irudietako bakoitza	none
pieza		sortua izan den musika-lana	eredu edo patroi baten arabera egindako banakako elementu bakoitza	none
pieza		sortua izan den musika-lana	zenbait multzo edo bildumatan, aleetako bakoitza	none
pieza		sortua izan den musika-lana	jantzi baten atal bakoitza	none
pieza		sortua izan den musika-lana	paperezko edo oihalezko zerrenda bildua, fabrikatik irten bezala dagoena eta erabili gabea	none
pieza		sortua izan den musika-lana	(Mus.) musika-lan soltea	exact
pieza		trukerako erabiltzen den metalezko pieza (disko-formakoa normalki)	makina, tresna edo mekanismo baten banakako osagai bakoitza	none
pieza		trukerako erabiltzen den metalezko pieza (disko-formakoa normalki)	hainbat jokotan, xakean eta dama-jokoan esaterako, erabiltzen den fitxa edo irudietako bakoitza	none
pieza		trukerako erabiltzen den metalezko pieza (disko-formakoa normalki)	eredu edo patroi baten arabera egindako banakako elementu bakoitza	none
pieza		trukerako erabiltzen den metalezko pieza (disko-formakoa normalki)	zenbait multzo edo bildumatan, aleetako bakoitza	none
pieza		trukerako erabiltzen den metalezko pieza (disko-formakoa normalki)	jantzi baten atal bakoitza	none
pieza		trukerako erabiltzen den metalezko pieza (disko-formakoa normalki)	paperezko edo oihalezko zerrenda bildua, fabrikatik irten bezala dagoena eta erabili gabea	none
pieza		trukerako erabiltzen den metalezko pieza (disko-formakoa normalki)	(Mus.) musika-lan soltea	none
tentsio		talde, estatu edota pertsonen arteko tirabira askoko harreman-egoera	tenkatua dagoen gorputz elastiko baten egoera	none
tentsio		talde, estatu edota pertsonen arteko tirabira askoko harreman-egoera	urduri, larritua dagoenaren egoera	none
tentsio		talde, estatu edota pertsonen arteko tirabira askoko harreman-egoera	talde, estatu edota pertsonen arteko tirabira askoko harreman-egoera	exact
tentsio		talde, estatu edota pertsonen arteko tirabira askoko harreman-egoera	jarduera bati ekin aurretik, zenbait muskulu uzkurtuta egotea	none
tentsio		talde, estatu edota pertsonen arteko tirabira askoko harreman-egoera	(Elektr.) bi eroale elektrikoren edo elektrizitatez kargatutako bi gorputzen arteko potentzial-diferentzia	none
tentsio		talde, estatu edota pertsonen arteko tirabira askoko harreman-egoera	(Med.) presio arteriala	none
tentsio		presio arteriala	tenkatua dagoen gorputz elastiko baten egoera	none
tentsio		presio arteriala	urduri, larritua dagoenaren egoera	none
tentsio		presio arteriala	talde, estatu edota pertsonen arteko tirabira askoko harreman-egoera	none
tentsio		presio arteriala	jarduera bati ekin aurretik, zenbait muskulu uzkurtuta egotea	none
tentsio		presio arteriala	(Elektr.) bi eroale elektrikoren edo elektrizitatez kargatutako bi gorputzen arteko potentzial-diferentzia	none
tentsio		presio arteriala	(Med.) presio arteriala	exact
tentsio		eremu edo zirkuitu elektriko baten bi punturen potentzial elektrikoen kendura, hots, karga-unitatea puntu batetik bestera higitzeko lana	tenkatua dagoen gorputz elastiko baten egoera	none
tentsio		eremu edo zirkuitu elektriko baten bi punturen potentzial elektrikoen kendura, hots, karga-unitatea puntu batetik bestera higitzeko lana	urduri, larritua dagoenaren egoera	none
tentsio		eremu edo zirkuitu elektriko baten bi punturen potentzial elektrikoen kendura, hots, karga-unitatea puntu batetik bestera higitzeko lana	talde, estatu edota pertsonen arteko tirabira askoko harreman-egoera	none
tentsio		eremu edo zirkuitu elektriko baten bi punturen potentzial elektrikoen kendura, hots, karga-unitatea puntu batetik bestera higitzeko lana	jarduera bati ekin aurretik, zenbait muskulu uzkurtuta egotea	none
tentsio		eremu edo zirkuitu elektriko baten bi punturen potentzial elektrikoen kendura, hots, karga-unitatea puntu batetik bestera higitzeko lana	(Elektr.) bi eroale elektrikoren edo elektrizitatez kargatutako bi gorputzen arteko potentzial-diferentzia	exact
tentsio		eremu edo zirkuitu elektriko baten bi punturen potentzial elektrikoen kendura, hots, karga-unitatea puntu batetik bestera higitzeko lana	(Med.) presio arteriala	none
tentsio		organismo osoaren aurkako eraso batek (traumak, hotzak, gehiegizko lanak, kezkak edo emozioak, etab.ek) eragindako asaldura eta erantzun fisiko eta psikikoen multzoa, delako organismoa gaixotzeko zorian jartzen duena	tenkatua dagoen gorputz elastiko baten egoera	none
tentsio		organismo osoaren aurkako eraso batek (traumak, hotzak, gehiegizko lanak, kezkak edo emozioak, etab.ek) eragindako asaldura eta erantzun fisiko eta psikikoen multzoa, delako organismoa gaixotzeko zorian jartzen duena	urduri, larritua dagoenaren egoera	none
tentsio		organismo osoaren aurkako eraso batek (traumak, hotzak, gehiegizko lanak, kezkak edo emozioak, etab.ek) eragindako asaldura eta erantzun fisiko eta psikikoen multzoa, delako organismoa gaixotzeko zorian jartzen duena	talde, estatu edota pertsonen arteko tirabira askoko harreman-egoera	none
tentsio		organismo osoaren aurkako eraso batek (traumak, hotzak, gehiegizko lanak, kezkak edo emozioak, etab.ek) eragindako asaldura eta erantzun fisiko eta psikikoen multzoa, delako organismoa gaixotzeko zorian jartzen duena	jarduera bati ekin aurretik, zenbait muskulu uzkurtuta egotea	none
tentsio		organismo osoaren aurkako eraso batek (traumak, hotzak, gehiegizko lanak, kezkak edo emozioak, etab.ek) eragindako asaldura eta erantzun fisiko eta psikikoen multzoa, delako organismoa gaixotzeko zorian jartzen duena	(Elektr.) bi eroale elektrikoren edo elektrizitatez kargatutako bi gorputzen arteko potentzial-diferentzia	none
tentsio		organismo osoaren aurkako eraso batek (traumak, hotzak, gehiegizko lanak, kezkak edo emozioak, etab.ek) eragindako asaldura eta erantzun fisiko eta psikikoen multzoa, delako organismoa gaixotzeko zorian jartzen duena	(Med.) presio arteriala	none
tentsio		jarduera bati ekin aurretik, zenbait muskulu uzkurtuta egotea	tenkatua dagoen gorputz elastiko baten egoera	none
tentsio		jarduera bati ekin aurretik, zenbait muskulu uzkurtuta egotea	urduri, larritua dagoenaren egoera	none
tentsio		jarduera bati ekin aurretik, zenbait muskulu uzkurtuta egotea	talde, estatu edota pertsonen arteko tirabira askoko harreman-egoera	none
tentsio		jarduera bati ekin aurretik, zenbait muskulu uzkurtuta egotea	jarduera bati ekin aurretik, zenbait muskulu uzkurtuta egotea	exact
tentsio		jarduera bati ekin aurretik, zenbait muskulu uzkurtuta egotea	(Elektr.) bi eroale elektrikoren edo elektrizitatez kargatutako bi gorputzen arteko potentzial-diferentzia	none
tentsio		jarduera bati ekin aurretik, zenbait muskulu uzkurtuta egotea	(Med.) presio arteriala	none
