диспут	noun	обсъждане на спорен научен, обществен или друг въпрос, проблем.	Публичен спор по обществен или научен въпрос.	none
диспут	noun	дискусия за нещо, словесна борба за доказване на различни, противоположни мнения, възгледи.	Публичен спор по обществен или научен въпрос.	none
ритуал	noun	действие или поредица от действия със символно значение и с определен, установен от традицията ред и начин за извършване, обикн. с религиозен или тържествен характер.	Определена последователност при извършване на обредни действия, както и самите действия; церемония, обред.	none
ритуал	noun	формално, тържествено и строго установено действие или съвкупност от действия за отбелязване на важно лично, семейно или обществено събитие.	Определена последователност при извършване на обредни действия, както и самите действия; церемония, обред.	none
атом	noun	най-малката градивна частица на химически елемент, носител на неговите свойства, която представлява сложна система от положително заредено ядро и движещи се около него отрицателно заредени електрони, образуващи електронна обвивка.	Атомът е основната градивна частица на веществото.	none
воденица	noun	машина или уред, предназначена за стриване на твърди вещества, материали на прах.	Мелница, задвижвана от вода.	none
есен	noun	едно от четирите годишни времена, след лятото и преди зимата, когато слънцето и топлината постепенно намаляват и листата на дърветата падат.	Есента е преходен сезон с понякога доста високи температури в началото (циганско лято) и умерени до по-ниски към края, когато зимното слънцестоене (около 21 декември в Северното полукълбо и 21 юни в Южното полукълбо) бележи астрономическото начало на следващия сезон.	none
идеология	noun	система от политически, нравствени, религиозни и др. възгледи, идеи, представи за живота, характерни за определена социална група, класа или партия.	Означава система от възгледи и идеи, характерни за социална група, класа, политическа партия и др.	none
китка	noun	част от ръката, която осигурява подвижна и гъвкава връзка между костите на дланта, пръстите и лакетната кост на ръката.	събрани заедно стебла.	none
китка	noun	част от ръката, която осигурява подвижна и гъвкава връзка между костите на дланта, пръстите и лакетната кост на ръката.	частта от ръката, която се намира над дланта.	exact
лодка	noun	малък плавателен съд за плаване на недалечни разстояния, който се движи с гребла, платна или мотор и се използва за превоз на хора, малки товари, риболов и спорт.	Водно транспортно средство. Малък плавателен съд, движещ се с весла, платно или мотор.	none
мишка	noun	дребен гризач с остра муцуна, дълга опашка и малки уши, който живее в полето, в човешки жилища и др., пренася болести и унищожава различни материали, хранителни продукти.	малък бозайник.	exact
мишка	noun	дребен гризач с остра муцуна, дълга опашка и малки уши, който живее в полето, в човешки жилища и др., пренася болести и унищожава различни материали, хранителни продукти.	входно компютърно устройство.	none
ям	verb	приемам, поглъщам храна.	Непосредствено самозадоволяване на нуждите от храна (първо лице, единствено число).	none
план	noun	пояснителен чертеж с условни знаци.	предварително намислен начин за провеждане на някаква дейност. намерения.	none
план	noun	пояснителен чертеж с условни знаци.	скица, чертеж на географски или архитектурен обект (населено място, планина и т.н. или сграда, помещение и др.).	exact
план	noun	пояснителен чертеж с условни знаци.	местоположение на обектите на определена дълбочина на зрителното поле.	none
план	noun	пояснителен чертеж с условни знаци.	начин, позиция на гледане върху някакъв обект или идея.	none
план	noun	кратка програма, по която човек разработва писмено съчинение или държи реч.	предварително намислен начин за провеждане на някаква дейност. намерения.	narrower
план	noun	кратка програма, по която човек разработва писмено съчинение или държи реч.	скица, чертеж на географски или архитектурен обект (населено място, планина и т.н. или сграда, помещение и др.).	none
план	noun	кратка програма, по която човек разработва писмено съчинение или държи реч.	местоположение на обектите на определена дълбочина на зрителното поле.	none
план	noun	кратка програма, по която човек разработва писмено съчинение или държи реч.	начин, позиция на гледане върху някакъв обект или идея.	none
план	noun	предварително обмислен в подробности начин и ред за извършване на дадена работа.	предварително намислен начин за провеждане на някаква дейност. намерения.	exact
план	noun	предварително обмислен в подробности начин и ред за извършване на дадена работа.	скица, чертеж на географски или архитектурен обект (населено място, планина и т.н. или сграда, помещение и др.).	none
план	noun	предварително обмислен в подробности начин и ред за извършване на дадена работа.	местоположение на обектите на определена дълбочина на зрителното поле.	none
план	noun	предварително обмислен в подробности начин и ред за извършване на дадена работа.	начин, позиция на гледане върху някакъв обект или идея.	none
план	noun	изображение или описание в общи, основни черти.	предварително намислен начин за провеждане на някаква дейност. намерения.	none
план	noun	изображение или описание в общи, основни черти.	скица, чертеж на географски или архитектурен обект (населено място, планина и т.н. или сграда, помещение и др.).	broader
план	noun	изображение или описание в общи, основни черти.	местоположение на обектите на определена дълбочина на зрителното поле.	none
план	noun	изображение или описание в общи, основни черти.	начин, позиция на гледане върху някакъв обект или идея.	none
план	noun	подробен план, конкретна програма за извършване, осъществяване на нещо.	предварително намислен начин за провеждане на някаква дейност. намерения.	exact
план	noun	подробен план, конкретна програма за извършване, осъществяване на нещо.	скица, чертеж на географски или архитектурен обект (населено място, планина и т.н. или сграда, помещение и др.).	none
план	noun	подробен план, конкретна програма за извършване, осъществяване на нещо.	местоположение на обектите на определена дълбочина на зрителното поле.	none
план	noun	подробен план, конкретна програма за извършване, осъществяване на нещо.	начин, позиция на гледане върху някакъв обект или идея.	none
път	noun	действия, средства да се постигне или осъществи нещо.	Път е траекторията, която тялото описва при своето движение или разстоянието от едно място до друго.	none
път	noun	пътуване, ходене.	Път е траекторията, която тялото описва при своето движение или разстоянието от едно място до друго.	none
път	noun	последователността от събития, които съпътстват съществуването на човек; реалността, съществуваща обективно, вън и независимо от съзнанието на човека	Път е траекторията, която тялото описва при своето движение или разстоянието от едно място до друго.	none
път	noun	всяка земна площ или съоръжение с предназначение за движение на пътни превозни средства или пешеходци, която свързва населени места.	Път е траекторията, която тялото описва при своето движение или разстоянието от едно място до друго.	none
път	noun	в човешки и животински организъм - тръбопроводен проход, през който минава някакво вещество, течност.	Път е траекторията, която тялото описва при своето движение или разстоянието от едно място до друго.	none
път	noun	място, линия, маршрут, по който нещо се движи.	Път е траекторията, която тялото описва при своето движение или разстоянието от едно място до друго.	none
заседание	noun	съвместно обсъждане от мнозина, заседание на колективен ръководен, съвещателен или контролен орган.	Събиране на колектив или на определени негови членове, на което се обсъждат въпроси. Заседание на катедрата. Заседание на Академическия съвет.	none
дума	noun	основна единица на естествения човешки език, представляваща единство от няколко звука с определено значение, служеща за наименование на предмети, лица, процеси, свойства и др.	звукосъчетание чрез което се означава предмет или действие.	exact
дума	noun	основна единица на естествения човешки език, представляваща единство от няколко звука с определено значение, служеща за наименование на предмети, лица, процеси, свойства и др.	народното събрание на руската федерация.	none
дума	noun	нещо казано, изречено.	звукосъчетание чрез което се означава предмет или действие.	related
дума	noun	нещо казано, изречено.	народното събрание на руската федерация.	none
дума	noun	(обикн. мн.ч.) думи.	звукосъчетание чрез което се означава предмет или действие.	related
дума	noun	(обикн. мн.ч.) думи.	народното събрание на руската федерация.	none
колега	noun	лице, което има една и съща професия или служба с друго лице.	Лице, което има същата професия, длъжност или следва същата специалност по отношение на друго лице.	none
конкретен	adjective	който съществува в действителността и може да се възприема със сетивата, а не е абстрактен, въображаем.	точен, детайлен, точно определен (а не общо).	none
конкретен	adjective	който съществува в действителността и може да се възприема със сетивата, а не е абстрактен, въображаем.	предметен, действителен (а не абстрактен).	exact
конкретен	adjective	присъщ само на определен предмет или явление; своеобразен, особен.	точен, детайлен, точно определен (а не общо).	exact
конкретен	adjective	присъщ само на определен предмет или явление; своеобразен, особен.	предметен, действителен (а не абстрактен).	none
идея	noun	начин на разбиране, виждане, преценка за даден предмет, обект, явление от действителността.	Замисъл, намерение; мисловен  образ на част от  обкръжаващия свят.	none
идея	noun	замисъл, намерение.	Замисъл, намерение; мисловен  образ на част от  обкръжаващия свят.	none
врата	noun	приспособление, което служи за отваряне и затваряне на отвор в стена или ограда, през който се влиза и излиза.	правоъгълен отвор в стена, вход за влизане в сграда, двор и за излизане.	related
врата	noun	приспособление, което служи за отваряне и затваряне на отвор в стена или ограда, през който се влиза и излиза.	предмет със същата форма, приспособление, който служи за отваряне и затваряне на този отвор.	exact
врата	noun	приспособление, което служи за отваряне и затваряне на отвор в стена или ограда, през който се влиза и излиза.	правоъгълна рамка, обикновено с мрежа, през която в някои спортове (футбол, хокей, хандбал, водна топка и др.) играчите се стремят да прекарат топка или шайба с цел да отбележат точки.	related
врата	noun	самият отвор в стена, ограда.	правоъгълен отвор в стена, вход за влизане в сграда, двор и за излизане.	exact
врата	noun	самият отвор в стена, ограда.	предмет със същата форма, приспособление, който служи за отваряне и затваряне на този отвор.	related
врата	noun	самият отвор в стена, ограда.	правоъгълна рамка, обикновено с мрежа, през която в някои спортове (футбол, хокей, хандбал, водна топка и др.) играчите се стремят да прекарат топка или шайба с цел да отбележат точки.	none
врата	noun	точно означена, обикновено във вид на правоъгълна рамка част от игрището, където противниковият отбор се стреми да вкара топката или шайбата при игра на футбол, хокей и др.	правоъгълен отвор в стена, вход за влизане в сграда, двор и за излизане.	none
врата	noun	точно означена, обикновено във вид на правоъгълна рамка част от игрището, където противниковият отбор се стреми да вкара топката или шайбата при игра на футбол, хокей и др.	предмет със същата форма, приспособление, който служи за отваряне и затваряне на този отвор.	related
врата	noun	точно означена, обикновено във вид на правоъгълна рамка част от игрището, където противниковият отбор се стреми да вкара топката или шайбата при игра на футбол, хокей и др.	правоъгълна рамка, обикновено с мрежа, през която в някои спортове (футбол, хокей, хандбал, водна топка и др.) играчите се стремят да прекарат топка или шайба с цел да отбележат точки.	exact
хубав	adjective	който с външния си вид доставя естетическа наслада на сетивата, който предизвиква възхищение.	красив на външен вид.	exact
хубав	adjective	който с външния си вид доставя естетическа наслада на сетивата, който предизвиква възхищение.	който има много положителни качества.	none
хубав	adjective	който с външния си вид доставя естетическа наслада на сетивата, който предизвиква възхищение.	нравствено добър.	none
хубав	adjective	който с външния си вид доставя естетическа наслада на сетивата, който предизвиква възхищение.	с добър вкус, вкусен.	none
хубав	adjective	за период от време - който е изпълнен с радостни, приятни преживявания.	красив на външен вид.	none
хубав	adjective	за период от време - който е изпълнен с радостни, приятни преживявания.	който има много положителни качества.	none
хубав	adjective	за период от време - който е изпълнен с радостни, приятни преживявания.	нравствено добър.	none
хубав	adjective	за период от време - който е изпълнен с радостни, приятни преживявания.	с добър вкус, вкусен.	none
хубав	adjective	който се харесва, доставя удоволствие, предизвиква радостно усещане.	красив на външен вид.	none
хубав	adjective	който се харесва, доставя удоволствие, предизвиква радостно усещане.	който има много положителни качества.	none
хубав	adjective	който се харесва, доставя удоволствие, предизвиква радостно усещане.	нравствено добър.	none
хубав	adjective	който се харесва, доставя удоволствие, предизвиква радостно усещане.	с добър вкус, вкусен.	none
хубав	adjective	който има всички желани и потребни качества.	красив на външен вид.	none
хубав	adjective	който има всички желани и потребни качества.	който има много положителни качества.	narrower
хубав	adjective	който има всички желани и потребни качества.	нравствено добър.	none
хубав	adjective	който има всички желани и потребни качества.	с добър вкус, вкусен.	none
хубав	adjective	който се отличава с много ценните си качества.	красив на външен вид.	none
хубав	adjective	който се отличава с много ценните си качества.	който има много положителни качества.	exact
хубав	adjective	който се отличава с много ценните си качества.	нравствено добър.	none
хубав	adjective	който се отличава с много ценните си качества.	с добър вкус, вкусен.	none
кон	noun	едро нечифтокопитно домашно животно, което се язди и впряга, а в някои страни се отглежда за мляко и месо.	едър бозайник, (equus caballus), нечефтокопитен, спадащ към клас коне. опитомен е от човека и се ползва за впряг и езда.	exact
кон	noun	едро нечифтокопитно домашно животно, което се язди и впряга, а в някои страни се отглежда за мляко и месо.	шахматна фигура, движеща се на шахматното поле под формата на буквата г.	related
кон	noun	в спорта — гимнастически уред с продълговата форма и четири крака.	едър бозайник, (equus caballus), нечефтокопитен, спадащ към клас коне. опитомен е от човека и се ползва за впряг и езда.	none
кон	noun	в спорта — гимнастически уред с продълговата форма и четири крака.	шахматна фигура, движеща се на шахматното поле под формата на буквата г.	none
мост	noun	съоръжение, конструкция, построено от дървен материал, камък, железобетон, желязо и др., по което се преминава над река или друг воден басейн, пропаст, шосе и др.	съоръжение за преминаване през река, пропаст, жп линия и др.	exact
мост	noun	съоръжение, конструкция, построено от дървен материал, камък, железобетон, желязо и др., по което се преминава над река или друг воден басейн, пропаст, шосе и др.	протеза, свързваща два зъба, на която са прикрепени изкуствени зъби.	none
мост	noun	съоръжение, конструкция, построено от дървен материал, камък, железобетон, желязо и др., по което се преминава над река или друг воден басейн, пропаст, шосе и др.	в спорта – положение, при което тялото се извива назад и за опора се използват дланите на ръцете и стъпалата.	none
мост	noun	съоръжение, конструкция, построено от дървен материал, камък, железобетон, желязо и др., по което се преминава над река или друг воден басейн, пропаст, шосе и др.	част от автомобилно шаси, към която се прикрепват колелата.	none
мост	noun	съоръжение, конструкция, построено от дървен материал, камък, железобетон, желязо и др., по което се преминава над река или друг воден басейн, пропаст, шосе и др.	нещо, което служи за връзка, за контакт.	none
мост	noun	протеза, свързваща два зъба, на която са прикрепени изкуствени зъби.	съоръжение за преминаване през река, пропаст, жп линия и др.	none
мост	noun	протеза, свързваща два зъба, на която са прикрепени изкуствени зъби.	протеза, свързваща два зъба, на която са прикрепени изкуствени зъби.	exact
мост	noun	протеза, свързваща два зъба, на която са прикрепени изкуствени зъби.	в спорта – положение, при което тялото се извива назад и за опора се използват дланите на ръцете и стъпалата.	none
мост	noun	протеза, свързваща два зъба, на която са прикрепени изкуствени зъби.	част от автомобилно шаси, към която се прикрепват колелата.	none
мост	noun	протеза, свързваща два зъба, на която са прикрепени изкуствени зъби.	нещо, което служи за връзка, за контакт.	none
мост	noun	нещо, което служи за връзка, контакт.	съоръжение за преминаване през река, пропаст, жп линия и др.	none
мост	noun	нещо, което служи за връзка, контакт.	протеза, свързваща два зъба, на която са прикрепени изкуствени зъби.	none
мост	noun	нещо, което служи за връзка, контакт.	в спорта – положение, при което тялото се извива назад и за опора се използват дланите на ръцете и стъпалата.	none
мост	noun	нещо, което служи за връзка, контакт.	част от автомобилно шаси, към която се прикрепват колелата.	none
мост	noun	нещо, което служи за връзка, контакт.	нещо, което служи за връзка, за контакт.	exact
пожар	noun	силен стихиен огън, който обхваща нещо и го унищожава.	Силен огън, който унищожава сгради, гори и др.	none
пожар	noun	трудно изпитание.	Силен огън, който унищожава сгради, гори и др.	none
регрес	noun	възвръщане, преминаване от по-висша към по-нисша степен на развитие; упадък.	Преминаване от по-висока форма на развитие към по-ниска.	none
състрадание	noun	качество на разбиране на чуждото страдание и желание да се направи нещо, да се помогне.	Съчувствие, съпреживяване на чужди емоции.	none
състрадание	noun	съчувствие към страдащи, споделяне страданието на друг; отзивчивост, милост, жалост.	Съчувствие, съпреживяване на чужди емоции.	none
чистка	noun	отстраняване на неудобни, обикн. в политическо отношение, хора от редовете на партия или друга организация.	Отстраняване на неудобни лица от политическа групировка или друга организация .	none
алергия	noun	свръхчувствителна или болезнена реакция на организма към различни храни, вещества, лекарства и др.	болезнено състояние, предизвикано от организма поради свръхчуствителност към храни, вещества, медикаменти и др.	exact
алергия	noun	свръхчувствителна или болезнена реакция на организма към различни храни, вещества, лекарства и др.	непоносимост, неприязън към някого или нещо, отвращение.	none
аутопсия	noun	разрязвяне и изследване на труп с цел да се открият причините за смъртта.	Разрязване на тялото на починал човек или животно, с цел да се установи причината за неговата смърт.	none
богиня	noun	женско божество.	В древните митологии и в някои източни религии — божество с образ на жена.	none
видео	noun	видеомагнетофон.	Видеоматериал, записан на физически носител.	none
видео	noun	запис с аудио-визуално изображение.	Видеоматериал, записан на физически носител.	none
далеко	adverb	на далечно разстояние, на далечно място.	на голямо разстояние.	exact
далеко	adverb	на далечно разстояние, на далечно място.	преди или след много време.	none
далеко	adverb	на далечно разстояние, на далечно място.	за означаване на липса на чувства, разбиране или намерение за нещо.	none
далеко	adverb	на далечно разстояние, на далечно място.	много повече, в по-голяма степен.	none
далеко	adverb	след доста, много време; далече.	на голямо разстояние.	none
далеко	adverb	след доста, много време; далече.	преди или след много време.	narrower
далеко	adverb	след доста, много време; далече.	за означаване на липса на чувства, разбиране или намерение за нещо.	none
далеко	adverb	след доста, много време; далече.	много повече, в по-голяма степен.	none
дисидент	noun	инакомислещ човек, който изразява несъгласие с господстващата идеология, който се противопоставя на установената обществена система.	Дисидент е човек, който активно се противопоставя на общоприетото или налагано мислене, политика или устройство.	none
ефикасен	adjective	който дава (добър) резултат; успешен, сполучлив.	Задоволително ниво на отношението на постигнатия резултат спрямо желания резултат и вложените разходи (енергия, труд, финансови средства).	none
ефикасен	adjective	от който има по-добър ефект, последица, резултат.	Задоволително ниво на отношението на постигнатия резултат спрямо желания резултат и вложените разходи (енергия, труд, финансови средства).	none
ефикасен	adjective	който е ефективен, без много усилия, средства или губене на време.	Задоволително ниво на отношението на постигнатия резултат спрямо желания резултат и вложените разходи (енергия, труд, финансови средства).	none
ефикасен	adjective	който има благоприятен, сполучлив завършек, който приключва с успех.	Задоволително ниво на отношението на постигнатия резултат спрямо желания резултат и вложените разходи (енергия, труд, финансови средства).	none
изкълчване	noun	разместване на костите в става една спрямо друга.	Деформирането на строителен елемент в равнина перпендикулярна на равнината на натоварване под ваздействието на коаксиално натоварване довеждащо до компрометиране на носимоспособността на строителен елемент.	none
изкълчване	noun	явление в механиката, характерно за тънкостенните конструкционни елементи (греди, черупки), както и за стройните конструкционни елементи (греди, пръти, колони), подложени на натискови и/или усукващи напрежения, които възникват при натиск, огъване, усукване или комбинации от тези три вида съпротива. загуба на устойчивост.	Деформирането на строителен елемент в равнина перпендикулярна на равнината на натоварване под ваздействието на коаксиално натоварване довеждащо до компрометиране на носимоспособността на строителен елемент.	none
комин	noun	иззидан отвор в стените на сграда, през който излиза димът от печка, огнище и под. и който стига до покрива на жилището и се издига над него.	отвор от огнище, през който излиза димът.	broader
комин	noun	иззидан отвор в стените на сграда, през който излиза димът от печка, огнище и под. и който стига до покрива на жилището и се издига над него.	издадената над покрива част от този отвор.	broader
криминология	noun	наука, която изучава престъпността, причините и начините за борба с нея.	наука за престъпността като социално явление.	broader
криминология	noun	наука, която изучава престъпността, причините и начините за борба с нея.	наука за причините за криминалните прояви у индивида.	broader
кюп	noun	дълбок, обикновено цилиндричен стъклен съд с широко гърло, който се използва за съхраняване на компот, сладка и др., приготвени в домашни или промишлени условия.	Голям глинен съд.	none
магия	noun	ловка игра, боравене с разни предмети, което създава у зрителя впечатление за нещо необикновено, свръхестествено.	използването на ритуали , за които се смята,че ако са изпълнени правилно , принуждават(а не просто молят)свръхестествените сили.	none
магия	noun	ловка игра, боравене с разни предмети, което създава у зрителя впечатление за нещо необикновено, свръхестествено.	сбор от действия и заклинания, които целят да въздействат по свръхестествен начин върху хора, животни и природни явления.	none
магия	noun	ловка игра, боравене с разни предмети, което създава у зрителя впечатление за нещо необикновено, свръхестествено.	преносното значение на магията е очарование,обаяние , сила.	none
магия	noun	покоряващо влияние, въздействие на личност с изключителни физически или нравствени качества върху някого, над околните.	използването на ритуали , за които се смята,че ако са изпълнени правилно , принуждават(а не просто молят)свръхестествените сили.	none
магия	noun	покоряващо влияние, въздействие на личност с изключителни физически или нравствени качества върху някого, над околните.	сбор от действия и заклинания, които целят да въздействат по свръхестествен начин върху хора, животни и природни явления.	none
магия	noun	покоряващо влияние, въздействие на личност с изключителни физически или нравствени качества върху някого, над околните.	преносното значение на магията е очарование,обаяние , сила.	exact
магия	noun	употребата на ритуали, символи, действия, жестове и езика с цел използване на свръхестествени сили.	използването на ритуали , за които се смята,че ако са изпълнени правилно , принуждават(а не просто молят)свръхестествените сили.	exact
магия	noun	употребата на ритуали, символи, действия, жестове и езика с цел използване на свръхестествени сили.	сбор от действия и заклинания, които целят да въздействат по свръхестествен начин върху хора, животни и природни явления.	related
магия	noun	употребата на ритуали, символи, действия, жестове и езика с цел използване на свръхестествени сили.	преносното значение на магията е очарование,обаяние , сила.	none
нежност	noun	любезност, чувствителност, внимание.	чувство на обич, любов, привързаност към някого или нещо.	related
нежност	noun	любезност, чувствителност, внимание.	думи, жестове, постъпки и под. като израз на това чувство.	related
нежност	noun	любезност, чувствителност, внимание.	качество на нещо, което предизвиква естетическа наслада; изящество, изтънченост.	none
нежност	noun	чувство на обич и близост.	чувство на обич, любов, привързаност към някого или нещо.	exact
нежност	noun	чувство на обич и близост.	думи, жестове, постъпки и под. като израз на това чувство.	related
нежност	noun	чувство на обич и близост.	качество на нещо, което предизвиква естетическа наслада; изящество, изтънченост.	none
нежност	noun	нежни жестове.	чувство на обич, любов, привързаност към някого или нещо.	related
нежност	noun	нежни жестове.	думи, жестове, постъпки и под. като израз на това чувство.	exact
нежност	noun	нежни жестове.	качество на нещо, което предизвиква естетическа наслада; изящество, изтънченост.	none
нежност	noun	качество на нежен, изящен, изтънчен.	чувство на обич, любов, привързаност към някого или нещо.	none
нежност	noun	качество на нежен, изящен, изтънчен.	думи, жестове, постъпки и под. като израз на това чувство.	none
нежност	noun	качество на нежен, изящен, изтънчен.	качество на нещо, което предизвиква естетическа наслада; изящество, изтънченост.	exact
омаловажавам	verb	придавам по-малка важност, значимост на някого или нещо от заслужената, реалната му стойност, така че да изглежда незначителен.	Правя по-малко значим.	none
пеш	adverb	с крака, без използване на превозно средство; пеш, пеши, пешком.	край на връхна дреха.	none
пеш	adverb	с крака, без използване на превозно средство; пеш, пеши, пешком.	диря, следа.	none
пеш	adverb	долен край на дреха; пола.	край на връхна дреха.	exact
пеш	adverb	долен край на дреха; пола.	диря, следа.	none
проститутка	noun	жена, която продава тялото си, отдава се на различни мъже срещу заплащане.	Това е човек който прави секс с други хора срещу парично възнаграждение. Проституцията е известна още и като най-древната професия в света.	none
самоуверен	adjective	който самоуверено и енергично защитава позицията си, готов е да спори и да се бори докрай за нея.	Човек, изпълнен с увереност в себе си и в своите възможности и знания.	none
самоуверен	adjective	който е твърдо уверен в себе си, в своите сили и възможности.	Човек, изпълнен с увереност в себе си и в своите възможности и знания.	none
самоуверен	adjective	който има съзнание, изпълнен е с чувство за собствено достойнство и самоуважение или изпитва удовлетворение, задоволство от своите или на близките си достойнства, качества или постигнати успехи.	Човек, изпълнен с увереност в себе си и в своите възможности и знания.	none
солидарен	adjective	чиито членове се чувстват като едно, които имат еднакви, общи цели, интереси, разбирания, между които няма противоречия.	По равно.	none
твърдост	noun	качество или проява на постоянен (по характер, поведение); последователност, твърдост, настойчивост.	Свойството на материала да се съпротивлява срещу проникване в него на външни тела наричаме твърдост.	none
твърдост	noun	качество на решителен; смелост, безстрашие, непоколебимост, твърдост, категоричност.	Свойството на материала да се съпротивлява срещу проникване в него на външни тела наричаме твърдост.	none
твърдост	noun	упоритост, опърничавост, непокорство.	Свойството на материала да се съпротивлява срещу проникване в него на външни тела наричаме твърдост.	none
твърдост	noun	спокойно състояние, при което се запазва присъствие на духа, самообладание и ясна мисъл.	Свойството на материала да се съпротивлява срещу проникване в него на външни тела наричаме твърдост.	none
твърдост	noun	качество на твърд (който не се променя лесно при натиск; корав).	Свойството на материала да се съпротивлява срещу проникване в него на външни тела наричаме твърдост.	none
твърдост	noun	качеството да бъдеш физически или психически силен, устойчив.	Свойството на материала да се съпротивлява срещу проникване в него на външни тела наричаме твърдост.	none
твърдост	noun	устойчивост, постоянство, непреклонност.	Свойството на материала да се съпротивлява срещу проникване в него на външни тела наричаме твърдост.	none
твърдост	noun	здравина, устойчивост.	Свойството на материала да се съпротивлява срещу проникване в него на външни тела наричаме твърдост.	none
учредяване	noun	действие, при което нещо се появява за първи път, започва да съществува.	Основаване, съставяне на нещо.	none
учредяване	noun	основаване, учредяване, отваряне на организация, изложба, конкурс, паметник и др.	Основаване, съставяне на нещо.	none
хуманизъм	noun	човечност, справедливост, зачитане на човешкото достойнство; хуманност.	система от възгледи, които изразяват уважение и защитават човешкото достойнство и основните граждански свободи.	related
хуманизъм	noun	човечност, справедливост, зачитане на човешкото достойнство; хуманност.	човечност, човеколюбие.	exact
хуманизъм	noun	идеология, която поставя на първо място уважението към личността, към достойнството на човека.	система от възгледи, които изразяват уважение и защитават човешкото достойнство и основните граждански свободи.	exact
хуманизъм	noun	идеология, която поставя на първо място уважението към личността, към достойнството на човека.	човечност, човеколюбие.	related
абаджия	noun	шивач, който е изработвал връхни дрехи от аба.	търговец на готови горни дрехи (аби, потури и др.)	none
абаджия	noun	шивач, който е изработвал връхни дрехи от аба.	производител на аба.	none
абаджия	noun	търговец на дрехи от аба.	търговец на готови горни дрехи (аби, потури и др.)	exact
абаджия	noun	търговец на дрехи от аба.	производител на аба.	none
адет	noun	постоянен и устойчив начин на действие, мислене или изразяване, придобит и утвърден чрез многократно повторение.	обичай.	none
адет	noun	постоянен и устойчив начин на действие, мислене или изразяване, придобит и утвърден чрез многократно повторение.	характер, нрав.	exact
адет	noun	нещо, което в някаква среда, общество е установено, прието, нормативно.	обичай.	exact
адет	noun	нещо, което в някаква среда, общество е установено, прието, нормативно.	характер, нрав.	none
амброзия	noun	храната на древногръцките богове, която заедно с питието нектар давала вечна младост и безсмъртие.	в гръцката митология — храна на боговете, която ги правела вечно млади и красиви.	exact
амброзия	noun	храната на древногръцките богове, която заедно с питието нектар давала вечна младост и безсмъртие.	род едногодишни и многогодишни тревисти растения от семейство сложноцветни, произхождащи от америка, с дребни зеленикави цветове и бели власинки по цялото стъбло, някои от които са плевели по културните растения.	related
амброзия	noun	род тревисти растения, произхождащи от америка.	в гръцката митология — храна на боговете, която ги правела вечно млади и красиви.	none
амброзия	noun	род тревисти растения, произхождащи от америка.	род едногодишни и многогодишни тревисти растения от семейство сложноцветни, произхождащи от америка, с дребни зеленикави цветове и бели власинки по цялото стъбло, някои от които са плевели по културните растения.	exact
апел	noun	обръщение към обществеността за съдействие, помощ или подкрепа в името на някаква кауза.	молба, призив, възвание.	exact
апел	noun	обръщение към обществеността за съдействие, помощ или подкрепа в името на някаква кауза.	апелация, молба към по-висша инстанция.	broader
багрило	noun	вещество за оцветяване, което прави предметите по-красиви и разнообразни или се използва за защитата им от корозия и др..	Оцветяващо вещество, оцветител, боя.	none
безочлив	adjective	който се държи прекалено нахално и дръзко, който проявява безочие или който изразява безочие.	Безсрамие, нахалство, наглост.	none
безочлив	adjective	неуместно дързък.	Безсрамие, нахалство, наглост.	none
безочлив	adjective	който показва или проявява презрително или пренебрежително отношение към хората.	Безсрамие, нахалство, наглост.	none
безочлив	adjective	неуважително, оскърбително груб, нахален	Безсрамие, нахалство, наглост.	none
блян	noun	творение на въображението, неосъществима, непостижима мечта, блян.	Обикн. в поезията - мислен образ на нещо, създадено от въображението, което е силно желано: мечти, надежда, копнеж.	none
блян	noun	нещо, за което много хора вярват, че не е истина.	Обикн. в поезията - мислен образ на нещо, създадено от въображението, което е силно желано: мечти, надежда, копнеж.	none
блян	noun	напразна надежда, мечта, която не може да се сбъдне.	Обикн. в поезията - мислен образ на нещо, създадено от въображението, което е силно желано: мечти, надежда, копнеж.	none
бърдо	noun	продълговат рид; бърдо, хълм.	планински склон, възвишение.	narrower
бърдо	noun	продълговат рид; бърдо, хълм.	гребен за тъкане.	none
бърдо	noun	масивна дървена рамка с вградена решетка от здрави вертикално поставени дървени пластинки, която служи подобно на гребен в тъкачния стан.	планински склон, възвишение.	none
бърдо	noun	масивна дървена рамка с вградена решетка от здрави вертикално поставени дървени пластинки, която служи подобно на гребен в тъкачния стан.	гребен за тъкане.	exact
владетел	noun	лице, което управлява, властва над държава, област, град, обикновено с наследствено право.	Лице, което управлява и държи властта.	none
гайда	noun	народен музикален инструмент – кози или овчи мях с три цеви за надуване и свирене.	Духов музикален инструмент с мях за събиране на въздуха.	none
девалвация	noun	в банковото дело – понижаване стойността на паричните единици по отношение на златото или на чужда валута.	Законното или официалното намаляване на валутния курс на съответната валутна парична единица спрямо другите валути.	none
джинджифил	noun	корените на растението исиот, използвани като ароматна подправка за ястие.	тропическо многогодишно тревисто растение с характерен аромат и парлив вкус.	related
джинджифил	noun	корените на растението исиот, използвани като ароматна подправка за ястие.	корените на това растение се използват като подправка.	exact
джинджифил	noun	културно растение, произхождащо от азия.	тропическо многогодишно тревисто растение с характерен аромат и парлив вкус.	exact
джинджифил	noun	културно растение, произхождащо от азия.	корените на това растение се използват като подправка.	related
друм	noun	всяка земна площ или съоръжение с предназначение за движение на пътни превозни средства или пешеходци, която свързва населени места.	Път.	none
жребче	noun	малкото на кобила; жребе, жребенце.	невръстен мъжки кон.	exact
жребче	noun	малкото на кобила; жребе, жребенце.	умалително за „жребец“.	related
запалянко	noun	пламенен последовател и почитател на някого или нещо.	Човек, който проявява изключително голям (обикновено само зрителен) интерес към някакъв спорт или спортен отбор.	none
запалянко	noun	страстен, запален привърженик на даден вид спорт, спортен отбор или определен изтъкнат спортист.	Човек, който проявява изключително голям (обикновено само зрителен) интерес към някакъв спорт или спортен отбор.	none
идиот	noun	глупав човек, кретен, идиот.	Вродено слабоумие, неизличима психическа болест, съпроводена с пълно разрушаване на нормалната умствена дейност.	none
инфекция	noun	ситуация, при която определено заразно заболяване се предава на човек, животно и т.н.	В медицината – проникване на болестотворни микроби в организма и начало на заболяване; заразяване.	none
инфекция	noun	причинител на заболяване, болест, която се предава от един организъм на друг.	В медицината – проникване на болестотворни микроби в организма и начало на заболяване; заразяване.	none
инфекция	noun	проникване в тялото на човека и животните на микроби, които причиняват болест; зараза, заразяване.	В медицината – проникване на болестотворни микроби в организма и начало на заболяване; заразяване.	none
инфекция	noun	в медицината – проникване на болестотворни микроби в организма и начало на заболяване; заразяване.	В медицината – проникване на болестотворни микроби в организма и начало на заболяване; заразяване.	none
клюн	noun	издадена напред и изострена рогова част от устата на птица, с която тя кълве.	Предната част на главата на птица; уста на птица.	none
контраст	noun	рязко, подчертано различие между сравнявани, съпоставяни неща.	Противопоставяне на някакъв признак.	none
кочан	noun	плодът на царевицата – със зърната или без тях.	плодът на царевицата - със зърната или без тях.	exact
кочан	noun	плодът на царевицата – със зърната или без тях.	вътрешната твърда част на зелка, която се изхвърля.	none
кочан	noun	плодът на царевицата – със зърната или без тях.	зелка, зеле.	none
кочан	noun	плодът на царевицата – със зърната или без тях.	тесте от свързани в единия край разписки или билети.	none
кочан	noun	плодът на царевицата – със зърната или без тях.	частта от такова тесте, останала след откъсване на всички разписки или билети.	none
кочан	noun	вътрешната твърда част на зелка, маруля и др.	плодът на царевицата - със зърната или без тях.	none
кочан	noun	вътрешната твърда част на зелка, маруля и др.	вътрешната твърда част на зелка, която се изхвърля.	exact
кочан	noun	вътрешната твърда част на зелка, маруля и др.	зелка, зеле.	none
кочан	noun	вътрешната твърда част на зелка, маруля и др.	тесте от свързани в единия край разписки или билети.	none
кочан	noun	вътрешната твърда част на зелка, маруля и др.	частта от такова тесте, останала след откъсване на всички разписки или билети.	none
кочан	noun	сноп от свързани в единия край разписки, билети и под.	плодът на царевицата - със зърната или без тях.	none
кочан	noun	сноп от свързани в единия край разписки, билети и под.	вътрешната твърда част на зелка, която се изхвърля.	none
кочан	noun	сноп от свързани в единия край разписки, билети и под.	зелка, зеле.	none
кочан	noun	сноп от свързани в единия край разписки, билети и под.	тесте от свързани в единия край разписки или билети.	exact
кочан	noun	сноп от свързани в единия край разписки, билети и под.	частта от такова тесте, останала след откъсване на всички разписки или билети.	related
кърлеж	noun	паякообразен паразит, който се впива с хоботче в кожата на човек или животно и смуче кръв.	паякообразен паразит, който се закрепя за кожата на гостопримника и се храни с кръв, acorus redivivus.	exact
кърлеж	noun	паякообразен паразит, който се впива с хоботче в кожата на човек или животно и смуче кръв.	растение рицин ricinus communis, татул datura tramonium.	none
кърлеж	noun	паякообразен паразит, който се впива с хоботче в кожата на човек или животно и смуче кръв.	татул datura tramonium.	none
кърлеж	noun	едро тревисто декоративно и маслодайно растение с топчести, бодливи плодове.	паякообразен паразит, който се закрепя за кожата на гостопримника и се храни с кръв, acorus redivivus.	none
кърлеж	noun	едро тревисто декоративно и маслодайно растение с топчести, бодливи плодове.	растение рицин ricinus communis, татул datura tramonium.	exact
кърлеж	noun	едро тревисто декоративно и маслодайно растение с топчести, бодливи плодове.	татул datura tramonium.	exact
лифт	noun	съоръжение върху наклонен терен или пресечена местност за пренасяне на открито на хора и товари в кабини или вагонетки по въжена линия, окачена върху специално изградени стълбове.	Устройство от кабина, двигател, система от макари и въжета, която се използва за придвижване на лица и товари по етажите на многоетажни сгради.	none
метеж	noun	стихийно вълнение срещу властта или срещу установения ред.	Метеж - това е действие или състояние на въоръжена, открита съпротива на властите или на правителството, управляващо страната (или част от нея). Метежът също може да бъде под формата на открито неподчинение или опозиция на какъвто и да е контрол. Ако такива действия (или състояния) продължават или се усилват, то метежът може да приеме формата на гражданска война или революция.	none
мързел	noun	нежелание, неохота за работа, за дейност.	Липса на желание за движение и работа.	none
неведом	adjective	който се отнася до енигма; загадъчен.	Нещо зa което не може да се намери обяснение.	none
нравственост	noun	духовни и душевни качества, норми на поведение на отделния човек; нравственост.	Съвкупност от норми за човешкото поведение в обществото; морал.	none
нравственост	noun	съвкупност от норми, правила, които регулират, определят поведението на членовете на дадено общество; нравственост.	Съвкупност от норми за човешкото поведение в обществото; морал.	none
опитност	noun	подготвеност на някого в дадена област.	Добит практически опит, знания, компетенции и умения в различни области на науката, изкуството, обществения и личен живот, бизнеса и комуникация с хора.	none
опитност	noun	качество на човек, който е много добре подготвен, много добре осведомен, с умения в някакава област.	Добит практически опит, знания, компетенции и умения в различни области на науката, изкуството, обществения и личен живот, бизнеса и комуникация с хора.	none
опитност	noun	способност да се върши нещо, основана на знание, опит и голяма сръчност.	Добит практически опит, знания, компетенции и умения в различни области на науката, изкуството, обществения и личен живот, бизнеса и комуникация с хора.	none
опитност	noun	способност да се върши нещо, основана на практически опит и познания.	Добит практически опит, знания, компетенции и умения в различни области на науката, изкуството, обществения и личен живот, бизнеса и комуникация с хора.	none
падеж	noun	в граматиката – форма за изменение на име, с която се изразява отношение към другите думи в изречението.	определена граматическа категория, обозначаваща взаимодействието между думите в едно изречение.падежите биват два вида - зависими и независими.зависимите отразяват отношението между различните думи в изречението (родителен, дателен, винителен, творителен, предложен падеж и др.), докато независимите се използват най-често за разказване (именителен падеж) и обръщение (звателен падеж).	exact
падеж	noun	в граматиката – форма за изменение на име, с която се изразява отношение към другите думи в изречението.	при финансите падежът е денят, в който трябва да се плати менителничен ефект към менителница.	none
падеж	noun	при менителницата е денят, в който трябва да се плати менителничен ефект.	определена граматическа категория, обозначаваща взаимодействието между думите в едно изречение.падежите биват два вида - зависими и независими.зависимите отразяват отношението между различните думи в изречението (родителен, дателен, винителен, творителен, предложен падеж и др.), докато независимите се използват най-често за разказване (именителен падеж) и обръщение (звателен падеж).	none
падеж	noun	при менителницата е денят, в който трябва да се плати менителничен ефект.	при финансите падежът е денят, в който трябва да се плати менителничен ефект към менителница.	exact
пир	noun	тържествена гощавка (вечеря или обед) по повод на някое събитие или в чест на някого	Гощавка, банкет.	none
подбуда	noun	събитие, действие, идея, мисъл, дума и под., която предизвиква извършването на нещо, подбужда към работа, дейност, занимание.	Причина, която предизвиква определено действие; подтик.	none
пораждам	verb	ставам причина да възникне нещо; причинявам.	Действие, което слага начало на нещо; може да се използва за изпитване на нови чувства.	none
пораждам	verb	ставам причина за възникването, започването на нещо, което има неприятни последици.	Действие, което слага начало на нещо; може да се използва за изпитване на нови чувства.	none
пораждам	verb	ставам причина за нещо, предизвиквам появата или осъществяването на нещо.	Действие, което слага начало на нещо; може да се използва за изпитване на нови чувства.	none
пораждам	verb	причинявам нещо, ставам причина нещо да възникне, да се породи.	Действие, което слага начало на нещо; може да се използва за изпитване на нови чувства.	none
праг	noun	изпъкваща, издадена над равнището на пода долна част от рамката на врата.	неголяма част от дърво долу на входна врата.	related
праг	noun	изпъкваща, издадена над равнището на пода долна част от рамката на врата.	дона част от входния отвор на къща.	exact
праг	noun	изпъкваща, издадена над равнището на пода долна част от рамката на врата.	вход.	none
праг	noun	изпъкваща, издадена над равнището на пода долна част от рамката на врата.	скална издатина в реката.	none
праг	noun	изпъкваща, издадена над равнището на пода долна част от рамката на врата.	предел, граница.	none
праг	noun	скална издатина в река.	неголяма част от дърво долу на входна врата.	none
праг	noun	скална издатина в река.	дона част от входния отвор на къща.	none
праг	noun	скална издатина в река.	вход.	none
праг	noun	скална издатина в река.	скална издатина в реката.	exact
праг	noun	скална издатина в река.	предел, граница.	none
преписка	noun	общуване чрез размяна на писма.	сбор от служебни писма и книжа, свързани с определен въпрос.	related
преписка	noun	общуване чрез размяна на писма.	размяна на служебни писма и книжа, свързани с определен въпрос.	broader
преписка	noun	общуване чрез размяна на писма.	писмовна връзка между лица; кореспонденция.	exact
преписка	noun	служебни писма.	сбор от служебни писма и книжа, свързани с определен въпрос.	exact
преписка	noun	служебни писма.	размяна на служебни писма и книжа, свързани с определен въпрос.	related
преписка	noun	служебни писма.	писмовна връзка между лица; кореспонденция.	none
шир	noun	обширно, от нищо не стеснявано, не ограничено пространство.	Голямо свободно пространство.	none
съсед	noun	предмет от същия вид, който е близко до друг.	Човек, който живее в близост с други лица.	none
настроение	noun	настроение в дадена обстановка, среда.	Душевно състояние с различна продължителност, податливо на промени спрямо дадени обстоятелства и въздействия	none
настроение	noun	възглед, разбиране, отношение към даден въпрос, което е споделено от голяма част от обществото.	Душевно състояние с различна продължителност, податливо на промени спрямо дадени обстоятелства и въздействия	none
настроение	noun	временно психическо, емоционално, душевно състояние.	Душевно състояние с различна продължителност, податливо на промени спрямо дадени обстоятелства и въздействия	none
настроение	noun	емоционално състояние на човек.	Душевно състояние с различна продължителност, податливо на промени спрямо дадени обстоятелства и въздействия	none
настроение	noun	внезапно настъпило осъзнаване, проумяване на нещо, откриване на някаква истина.	Душевно състояние с различна продължителност, податливо на промени спрямо дадени обстоятелства и въздействия	none
способност	noun	изключително силно развито умение, способност, качество.	Дарба или талант,  предразположени за извършване на някаква дейност	none
способност	noun	заложби, способности за дейност, за работа у човека.	Дарба или талант,  предразположени за извършване на някаква дейност	none
способност	noun	само мн.ч. лични заложби, дарби, способности у някого.	Дарба или талант,  предразположени за извършване на някаква дейност	none
способност	noun	способност да се върши нещо, основана на знание и опит.	Дарба или талант,  предразположени за извършване на някаква дейност	none
способност	noun	качество на човек, който е много добре подготвен, много добре осведомен, с умения в някакава област.	Дарба или талант,  предразположени за извършване на някаква дейност	none
способност	noun	способност да се върши нещо, основана на знание, опит и голяма сръчност.	Дарба или талант,  предразположени за извършване на някаква дейност	none
способност	noun	способност да се върши нещо, основана на практически опит и познания.	Дарба или талант,  предразположени за извършване на някаква дейност	none
читател	noun	представител на народност от индийско потекло, свързана с общ език и произход, на етнически групи, живеещи в много страни по света.	човек, който чете написан текст (книга, вестник и др.).	none
читател	noun	представител на народност от индийско потекло, свързана с общ език и произход, на етнически групи, живеещи в много страни по света.	човек, който ползва книги от библиотеката.	none
читател	noun	който обича да чете и чете с увлечение; четец.	човек, който чете написан текст (книга, вестник и др.).	related
читател	noun	който обича да чете и чете с увлечение; четец.	човек, който ползва книги от библиотеката.	related
съдия	noun	държавен служител, който разглежда и решава съдебни дела, издава присъди.	Длъжностно лице, въздаващо правосъдие.	none
съдия	noun	(спорт) лице, което следи за спазване на правилата при състезателни игри и разрешава възникнали спорове.	Длъжностно лице, въздаващо правосъдие.	none
молба	noun	искане, пожелание, изказано като молба или заповед, която има силата да определя, да насочва поведението, постъпките на другите.	Обръщение към лице за очаквана от него помощ, подкрепа или съпричастие.	none
молба	noun	обръщение (обикновено писмено) към учреждение, държавен, административен или друг орган с искане да се задоволи някаква нужда или желание.	Обръщение към лице за очаквана от него помощ, подкрепа или съпричастие.	none
молба	noun	писмено обръщение към учреждение, държавен, административен или друг орган с искане да се задоволи някаква нужда или желание.	Обръщение към лице за очаквана от него помощ, подкрепа или съпричастие.	none
здравословен	adjective	който подпомага и е от полза за здравето на човека.	За който се говори (слово), че е полезен за здравето.	none
здравословен	adjective	който се отличава с благоприятна за здравето чистота; чист, здравословен.	За който се говори (слово), че е полезен за здравето.	none
бягам	verb	излизам, тръгвам си от затвора, като се стремя да не бъда забелязан.	бързо движение на човек с голяма скорост, при което има моменти, в които краката му не докосват земята.	none
бягам	verb	излизам, тръгвам си от затвора, като се стремя да не бъда забелязан.	бързо отдалечаване от някакъв обект или опасна среда със собствена мускулна сила или превозно средство.	none
бягам	verb	излизам, тръгвам си от затвора, като се стремя да не бъда забелязан.	предприемане бързи действия, за да не се проведе нежелана среща.	none
бягам	verb	самоволно напускам, бягам от военен или изобщо от обществен дълг.	бързо движение на човек с голяма скорост, при което има моменти, в които краката му не докосват земята.	none
бягам	verb	самоволно напускам, бягам от военен или изобщо от обществен дълг.	бързо отдалечаване от някакъв обект или опасна среда със собствена мускулна сила или превозно средство.	none
бягам	verb	самоволно напускам, бягам от военен или изобщо от обществен дълг.	предприемане бързи действия, за да не се проведе нежелана среща.	none
луд	adjective	който е лишен от разсъдък; луд, ненормален, побъркан.	откачен, ненормален	exact
луд	adjective	който стихийно проявява силен изблик на енергия и не овладява силните си чувства, емоции, не контролира действията си.	откачен, ненормален	none
липсвам	verb	скривам се от погледа	ДОМИЛЯ МИ ЗА ТЕБ	none
липсвам	verb	не съществувам, няма ме, отсъствам от някъде.	ДОМИЛЯ МИ ЗА ТЕБ	none
дисциплина	noun	подчинение, спазване на установени в даден колектив ред и правила.	подчинение,спазване на установени в даден колектив ред и правила.	exact
дисциплина	noun	подчинение, спазване на установени в даден колектив ред и правила.	самостоятелен,особен клон от някоя наука.	none
дял	noun	съдебен процес, при който лица или организации търсят разрешение на възникнал юридически проблем.	обособена част от нещо.	none
дял	noun	съдебен процес, при който лица или организации търсят разрешение на възникнал юридически проблем.	част от акционерно дружество, която би могла да носи на дялопритежател|дялопритежателя част от печалбата на дружеството.	none
дял	noun	съдебен процес, при който лица или организации търсят разрешение на възникнал юридически проблем.	част от носител на данни (обокновено твърд диск), която се разглежда като отделен носител на данни.	none
дял	noun	дял от нещо, който представлява част от цяло или влиза в състава на нещо цяло.	обособена част от нещо.	broader
дял	noun	дял от нещо, който представлява част от цяло или влиза в състава на нещо цяло.	част от акционерно дружество, която би могла да носи на дялопритежател|дялопритежателя част от печалбата на дружеството.	none
дял	noun	дял от нещо, който представлява част от цяло или влиза в състава на нещо цяло.	част от носител на данни (обокновено твърд диск), която се разглежда като отделен носител на данни.	none
дял	noun	обособена, относително самостоятелна част, дял от книга, съчинение.	обособена част от нещо.	broader
дял	noun	обособена, относително самостоятелна част, дял от книга, съчинение.	част от акционерно дружество, която би могла да носи на дялопритежател|дялопритежателя част от печалбата на дружеството.	none
дял	noun	обособена, относително самостоятелна част, дял от книга, съчинение.	част от носител на данни (обокновено твърд диск), която се разглежда като отделен носител на данни.	none
дял	noun	съответна част от наследство, печалба и под.	обособена част от нещо.	none
дял	noun	съответна част от наследство, печалба и под.	част от акционерно дружество, която би могла да носи на дялопритежател|дялопритежателя част от печалбата на дружеството.	related
дял	noun	съответна част от наследство, печалба и под.	част от носител на данни (обокновено твърд диск), която се разглежда като отделен носител на данни.	none
дял	noun	част от нещо, къс.	обособена част от нещо.	exact
дял	noun	част от нещо, къс.	част от акционерно дружество, която би могла да носи на дялопритежател|дялопритежателя част от печалбата на дружеството.	none
дял	noun	част от нещо, къс.	част от носител на данни (обокновено твърд диск), която се разглежда като отделен носител на данни.	none
дял	noun	количество, част, процент за нещо, което се разпределя между всички участници.	обособена част от нещо.	none
дял	noun	количество, част, процент за нещо, което се разпределя между всички участници.	част от акционерно дружество, която би могла да носи на дялопритежател|дялопритежателя част от печалбата на дружеството.	related
дял	noun	количество, част, процент за нещо, което се разпределя между всички участници.	част от носител на данни (обокновено твърд диск), която се разглежда като отделен носител на данни.	none
хлапе	noun	човек в първите години след раждането си, до юношеска възраст.	Малко дете.	none
ефективно	adverb	с успех; сполучливо, резултатно, ефикасно, ефективно.	От който има добър ефект (в 1 знач. ), резултат (обикн. под формата на продукт).	none
ефективно	adverb	резултатно, успешно, ефективно.	От който има добър ефект (в 1 знач. ), резултат (обикн. под формата на продукт).	none
ефективно	adverb	с необходимия резултат, ефект; резултатно.	От който има добър ефект (в 1 знач. ), резултат (обикн. под формата на продукт).	none
нрав	noun	сбор от душевните качества, особености на човек.	съвкупност от душевни свойства; характер.	exact
нрав	noun	сбор от душевните качества, особености на човек.	обичаи, традиции, обществени навици.	none
селекция	noun	отделяне, предпочитане на едно от две или повече неща.	Подбиране, отсяване.	none
селекция	noun	разнообразие от предмети или лица, от които може да се избира най-хубавото по качество или най-подходящото, най-съответстващото.	Подбиране, отсяване.	none
фатален	adjective	който е от решително, решаващо значение; съдбоносен, гибелен, нещастен, пагубен.	Нещо фатално - крайно, неизбежен, неминуем, съдбоносен,	none
фатален	adjective	който се отнася до пагуба, причинява пагуба; съкрушителен, вреден, гибелен.	Нещо фатално - крайно, неизбежен, неминуем, съдбоносен,	none
амоняк	noun	лек безцветен газ с остра миризма, nh3	Воден разтвор на амоняка.	none
говедо	noun	група домашни животни (говеда, биволи, коне, овце, кози и др.) независимо от пол или възраст.	едро домашно, рогато, чифтокопитно животно, използвано за получаване на мляко и месо, както и за впрягяне.	none
говедо	noun	група домашни животни (говеда, биволи, коне, овце, кози и др.) независимо от пол или възраст.	глупав и/или твърдоглав човек.	none
говедо	noun	едро рогато домашно животно със светлосив, кафяв или черен косъм, което се отглежда за мляко, месо и работа, bos taurus	едро домашно, рогато, чифтокопитно животно, използвано за получаване на мляко и месо, както и за впрягяне.	exact
говедо	noun	едро рогато домашно животно със светлосив, кафяв или черен косъм, което се отглежда за мляко, месо и работа, bos taurus	глупав и/или твърдоглав човек.	none
интервенция	noun	въздействие, обикновено механическо, върху тъкани, кости или проникване в телесни органи чрез разрязване, пробождане и др., с лечебна или диагностична цел.	нападение, нашествие, вмешателство, намеса	none
интервенция	noun	въздействие, обикновено механическо, върху тъкани, кости или проникване в телесни органи чрез разрязване, пробождане и др., с лечебна или диагностична цел.	посредничество, застъпничество, участие	none
интервенция	noun	вземане на участие, включване в някаква работа, дейност с цел да се въздейства, да се промени нещо.	нападение, нашествие, вмешателство, намеса	none
интервенция	noun	вземане на участие, включване в някаква работа, дейност с цел да се въздейства, да се промени нещо.	посредничество, застъпничество, участие	exact
интервенция	noun	чужда, насилствена намеса на една или няколко държави във вътрешните работи на друга, обикновено чрез въоръжено нахлуване в територията й, което засяга суверенитета и независимостта й.	нападение, нашествие, вмешателство, намеса	exact
интервенция	noun	чужда, насилствена намеса на една или няколко държави във вътрешните работи на друга, обикновено чрез въоръжено нахлуване в територията й, което засяга суверенитета и независимостта й.	посредничество, застъпничество, участие	none
