kaduma	verb	kui keegi või miski <b>kaob</b>, siis seda ei ole näha ja on raske üles leida	teadmata paika sattuma või minema, nii et on raske või võimatu üles leida	exact
kaduma	verb	kui keegi või miski <b>kaob</b>, siis seda ei ole näha ja on raske üles leida	(vähehaaval) olemast lakkama, otsa saama	none
kaduma	verb	kui näiteks huvi, probleem või lootus <b>kaob</b>, siis seda enam ei ole	teadmata paika sattuma või minema, nii et on raske või võimatu üles leida	none
kaduma	verb	kui näiteks huvi, probleem või lootus <b>kaob</b>, siis seda enam ei ole	(vähehaaval) olemast lakkama, otsa saama	exact
kahju	noun	majanduslik kaotus	majanduslik kaotus, varanduse vähenemine või hävimine	exact
kahju	noun	majanduslik kaotus	häda tekitav, kahjustav nähtus või olukord, miski halb	none
kahju	noun	majanduslik kaotus	rahulolematus, nukker meel millegi pärast (viisakusväljendites tähendus vahel nõrgenenud)	none
kahju	noun	miski halb	majanduslik kaotus, varanduse vähenemine või hävimine	none
kahju	noun	miski halb	häda tekitav, kahjustav nähtus või olukord, miski halb	exact
kahju	noun	miski halb	rahulolematus, nukker meel millegi pärast (viisakusväljendites tähendus vahel nõrgenenud)	none
kahju	noun	kurb meel millegi pärast	majanduslik kaotus, varanduse vähenemine või hävimine	none
kahju	noun	kurb meel millegi pärast	häda tekitav, kahjustav nähtus või olukord, miski halb	none
kahju	noun	kurb meel millegi pärast	rahulolematus, nukker meel millegi pärast (viisakusväljendites tähendus vahel nõrgenenud)	exact
kakao	noun	teatud puu seemned või nendest valmistatud pruun pulber. Kakaod kasutatakse šokolaadi tegemisel	kakaoubadest jahvatatud pulber	exact
kakao	noun	teatud puu seemned või nendest valmistatud pruun pulber. Kakaod kasutatakse šokolaadi tegemisel	kakaopulbrist, suhkrust ja piimast valmistatud jook	none
kakao	noun	sellest pulbrist ja soojast piimast või veest segatud jook	kakaoubadest jahvatatud pulber	none
kakao	noun	sellest pulbrist ja soojast piimast või veest segatud jook	kakaopulbrist, suhkrust ja piimast valmistatud jook	exact
kallale	adverb	osutab vägivalla kasutamisele või kellelegi, keda rünnatakse	sõnade või jõuga ründama, tülikalt millegi külge	exact
kallale	adverb	osutab vägivalla kasutamisele või kellelegi, keda rünnatakse	seisundisse, kus ollakse millegagi tegevuses	none
kallale	adverb	koos sõnaga <i>asuma</i>: osutab sellele, millega keegi tegelema hakkab	sõnade või jõuga ründama, tülikalt millegi külge	none
kallale	adverb	koos sõnaga <i>asuma</i>: osutab sellele, millega keegi tegelema hakkab	seisundisse, kus ollakse millegagi tegevuses	exact
kannatus	noun	vaimne või kehaline valu, häda	füüsiline või hingeline valu, häda, piin vms	exact
kannatus	noun	vaimne või kehaline valu, häda	vastupidavus, meelekindlus kedagi või midagi taluda	none
kannatus	noun	võime midagi taluda	füüsiline või hingeline valu, häda, piin vms	none
kannatus	noun	võime midagi taluda	vastupidavus, meelekindlus kedagi või midagi taluda	exact
karp	noun	tavaliselt kaanega väike madal papist kast	väga erineva kujuga väike madalavõitu hrl kaanega varustatud papist, plekist või muust materjalist kastike (sageli on juurde arvatud ka selle sisu)	exact
kasu	noun	majanduslik tulu	millestki, millegi läbi saadav majanduslik tulu	exact
kasu	noun	majanduslik tulu	soodus või kaasaaitav tegur	none
kasu	noun	see, mis aitab, abi	millestki, millegi läbi saadav majanduslik tulu	none
kasu	noun	see, mis aitab, abi	soodus või kaasaaitav tegur	exact
katkine	adjective	selline, mis on katki või korrast ära, pole enam terve	katki või korrast ära olev, mitte terve	exact
kava	noun	plaan, mõte (midagi teha)	(algne, üldine) plaan või mõte midagi teha	exact
kava	noun	plaan, mõte (midagi teha)	kontserdi, peo vm (spordi)etenduse etteasted kindlas järjekorras	none
kava	noun	plaan, mõte (midagi teha)	brošüür, voldik vms, mis tutvustab (teatri)etendust või kontserti ja selle esinejate koosseisu	none
kava	noun	see, mis mingil üritusel kindlas järjekorras toimub	(algne, üldine) plaan või mõte midagi teha	none
kava	noun	see, mis mingil üritusel kindlas järjekorras toimub	kontserdi, peo vm (spordi)etenduse etteasted kindlas järjekorras	exact
kava	noun	see, mis mingil üritusel kindlas järjekorras toimub	brošüür, voldik vms, mis tutvustab (teatri)etendust või kontserti ja selle esinejate koosseisu	none
kava	noun	leht või lehed, kus on kirjas etenduse või kontserdi info, näiteks esinejate nimed	(algne, üldine) plaan või mõte midagi teha	none
kava	noun	leht või lehed, kus on kirjas etenduse või kontserdi info, näiteks esinejate nimed	kontserdi, peo vm (spordi)etenduse etteasted kindlas järjekorras	none
kava	noun	leht või lehed, kus on kirjas etenduse või kontserdi info, näiteks esinejate nimed	brošüür, voldik vms, mis tutvustab (teatri)etendust või kontserti ja selle esinejate koosseisu	exact
kehaline	adjective	inimese kehaga seotud	inimese kehasse puutuv	exact
kes	pronoun	sõna, mida kasutatakse küsimustes ja lausetes, et täpsustada inimese nime, ametit või midagi muud	küsiv-siduv sõna isikute, elusolendite kohta	exact
keskpäev	noun	päeva keskmine osa	päeva keskmine osa, hrl umbes kell 12	exact
kile	noun	õhuke paindlik materjal, mis on sageli läbipaistev	õhuke painduv sünteetiline materjal	exact
kinni	adverb	nii, et katab sisse- ja väljapääsu või mingit pinda	suletud seisundisse või suletud seisundis	exact
kinni	adverb	nii, et katab sisse- ja väljapääsu või mingit pinda	(asutuse kohta:) mittetöötav(aks), mittetegutsev(aks) (ajutiselt või alatiseks)	none
kinni	adverb	nii, et katab sisse- ja väljapääsu või mingit pinda	mingi tegevusega või millegagi hõivatud	none
kinni	adverb	nii, et katab sisse- ja väljapääsu või mingit pinda	haarates külge, haardesse või haardes, küljes	none
kinni	adverb	nii, et katab sisse- ja väljapääsu või mingit pinda	sellisesse olukorda või sellises olukorras, et liikumine on takistatud või seda ei toimu või kellegi vabadus on piiratud	none
kinni	adverb	asutuste kohta: nii, et ei tööta	suletud seisundisse või suletud seisundis	none
kinni	adverb	asutuste kohta: nii, et ei tööta	(asutuse kohta:) mittetöötav(aks), mittetegutsev(aks) (ajutiselt või alatiseks)	exact
kinni	adverb	asutuste kohta: nii, et ei tööta	mingi tegevusega või millegagi hõivatud	none
kinni	adverb	asutuste kohta: nii, et ei tööta	haarates külge, haardesse või haardes, küljes	none
kinni	adverb	asutuste kohta: nii, et ei tööta	sellisesse olukorda või sellises olukorras, et liikumine on takistatud või seda ei toimu või kellegi vabadus on piiratud	none
kinni	adverb	hõivatud	suletud seisundisse või suletud seisundis	none
kinni	adverb	hõivatud	(asutuse kohta:) mittetöötav(aks), mittetegutsev(aks) (ajutiselt või alatiseks)	none
kinni	adverb	hõivatud	mingi tegevusega või millegagi hõivatud	exact
kinni	adverb	hõivatud	haarates külge, haardesse või haardes, küljes	none
kinni	adverb	hõivatud	sellisesse olukorda või sellises olukorras, et liikumine on takistatud või seda ei toimu või kellegi vabadus on piiratud	none
kinni	adverb	nii, et sa hoiad midagi käes või võtad midagi kätte	suletud seisundisse või suletud seisundis	none
kinni	adverb	nii, et sa hoiad midagi käes või võtad midagi kätte	(asutuse kohta:) mittetöötav(aks), mittetegutsev(aks) (ajutiselt või alatiseks)	none
kinni	adverb	nii, et sa hoiad midagi käes või võtad midagi kätte	mingi tegevusega või millegagi hõivatud	none
kinni	adverb	nii, et sa hoiad midagi käes või võtad midagi kätte	haarates külge, haardesse või haardes, küljes	exact
kinni	adverb	nii, et sa hoiad midagi käes või võtad midagi kätte	sellisesse olukorda või sellises olukorras, et liikumine on takistatud või seda ei toimu või kellegi vabadus on piiratud	none
kinni	adverb	olukorras või olukorda, kus liikumine on takistatud või kellegi vabadus piiratud	suletud seisundisse või suletud seisundis	none
kinni	adverb	olukorras või olukorda, kus liikumine on takistatud või kellegi vabadus piiratud	(asutuse kohta:) mittetöötav(aks), mittetegutsev(aks) (ajutiselt või alatiseks)	none
kinni	adverb	olukorras või olukorda, kus liikumine on takistatud või kellegi vabadus piiratud	mingi tegevusega või millegagi hõivatud	none
kinni	adverb	olukorras või olukorda, kus liikumine on takistatud või kellegi vabadus piiratud	haarates külge, haardesse või haardes, küljes	none
kinni	adverb	olukorras või olukorda, kus liikumine on takistatud või kellegi vabadus piiratud	sellisesse olukorda või sellises olukorras, et liikumine on takistatud või seda ei toimu või kellegi vabadus on piiratud	exact
kirjalik	adjective	kirjutatud kujul olev	kirjutatud või trükitud kujul esinev, kirja pandud	exact
kitsas	adjective	väikese laiusega	(ruumi, maa-ala, pikliku asja kohta:) ristsuunas, laiuselt väikese ulatusega	exact
kitsas	adjective	väikese laiusega	ruumilt, mahutavuselt ebapiisav, hädavaevu kuhugi mahtuv või ulatuv	none
kitsas	adjective	selline, kus on liiga vähe ruumi	(ruumi, maa-ala, pikliku asja kohta:) ristsuunas, laiuselt väikese ulatusega	none
kitsas	adjective	selline, kus on liiga vähe ruumi	ruumilt, mahutavuselt ebapiisav, hädavaevu kuhugi mahtuv või ulatuv	exact
klubi	noun	rühm ühiste huvidega inimesi, kes midagi koos teevad	rühm ühise huviala, elukutse või ühiste vaadetega inimesi	exact
klubi	noun	rühm ühiste huvidega inimesi, kes midagi koos teevad	hilja õhtust hilisööni või varahommikuni töötav lõbustusasutus	none
klubi	noun	ööklubi	rühm ühise huviala, elukutse või ühiste vaadetega inimesi	none
klubi	noun	ööklubi	hilja õhtust hilisööni või varahommikuni töötav lõbustusasutus	exact
kogu	noun	hulk mingeid esemeid, mis on kogutud kindlal eesmärgil	hulk kindla eesmärgiga kogutud ning süstematiseeritud esemeid või ainestikku	exact
kogu	noun	hulk mingeid esemeid, mis on kogutud kindlal eesmärgil	iseseisvaid kirjandustooteid, mitmesuguseid ülesandeid, seadustekste vms sisaldav koondteos	none
kogu	noun	teos, mis sisaldab kirjutisi ühelt või mitmelt autorilt	hulk kindla eesmärgiga kogutud ning süstematiseeritud esemeid või ainestikku	none
kogu	noun	teos, mis sisaldab kirjutisi ühelt või mitmelt autorilt	iseseisvaid kirjandustooteid, mitmesuguseid ülesandeid, seadustekste vms sisaldav koondteos	exact
kohe	adverb	väga lühikese aja jooksul	viivitamata, lühikese ajavahemiku jooksul või möödudes	exact
kohe	adverb	väga lühikese aja jooksul	millegi või kellegi vahetus läheduses, lähedusse või lähedusest, vahetult	none
kohe	adverb	kellegi või millegi vahetus läheduses	viivitamata, lühikese ajavahemiku jooksul või möödudes	none
kohe	adverb	kellegi või millegi vahetus läheduses	millegi või kellegi vahetus läheduses, lähedusse või lähedusest, vahetult	exact
kohustuslik	adjective	selline, mida peab kindlasti tegema	tingimata, alati tarvilik või ettenähtud, rangelt, kohustusena esinev või toimiv	exact
kokkupõrge	noun	olukord, kus mingi liikuv objekt läheb hooga mingi teise liikuva objekti vastu	suure kiirusega üksteise vastu paiskumine	exact
kokkupõrge	noun	olukord, kus mingi liikuv objekt läheb hooga mingi teise liikuva objekti vastu	vastasseisust lahvatanud võitlus, lahing	none
kokkupõrge	noun	kaklus	suure kiirusega üksteise vastu paiskumine	none
kokkupõrge	noun	kaklus	vastasseisust lahvatanud võitlus, lahing	exact
kolmteist	numeral	13	põhiarv 13	exact
konto	noun	teenus, mille kaudu inimene või firma saab hoida pangas oma raha ja teha sellega toiminguid	pangakonto arvelduste vm tehingute tegemiseks (nt arvelduskonto, hoiuarve)	exact
koor	noun	kõva kiht puu tüve ja okste peal	millegi kõvem ja õhem pealmine kiht või kaitsev kest	narrower
koor	noun	kõva kiht puu tüve ja okste peal	millegi kõvem ja õhem pealmine kiht või kaitsev kest	narrower
koor	noun	kõva kiht puu tüve ja okste peal	piima seismisel selle pinnale kerkiv rasvarikas kiht	none
koor	noun	kiht puuviljade ja köögiviljade peal või pähkli ja muna ümber	millegi kõvem ja õhem pealmine kiht või kaitsev kest	narrower
koor	noun	kiht puuviljade ja köögiviljade peal või pähkli ja muna ümber	millegi kõvem ja õhem pealmine kiht või kaitsev kest	narrower
koor	noun	kiht puuviljade ja köögiviljade peal või pähkli ja muna ümber	piima seismisel selle pinnale kerkiv rasvarikas kiht	none
koor	noun	paks ja rasvane kiht, mis kerkib piima seismisel selle pinnale	millegi kõvem ja õhem pealmine kiht või kaitsev kest	none
koor	noun	paks ja rasvane kiht, mis kerkib piima seismisel selle pinnale	millegi kõvem ja õhem pealmine kiht või kaitsev kest	none
koor	noun	paks ja rasvane kiht, mis kerkib piima seismisel selle pinnale	piima seismisel selle pinnale kerkiv rasvarikas kiht	exact
kord	noun	millalgi minevikus, kunagi	mingil ebamäärasel, täpselt määratlemata ajal, millalgi minevikus või tulevikus	narrower
kord	noun	millalgi minevikus, kunagi	mingil ebamäärasel, täpselt määratlemata ajal, millalgi minevikus või tulevikus	narrower
kord	noun	millalgi minevikus, kunagi	mõnikord, vahel	none
kord	noun	millalgi tulevikus	mingil ebamäärasel, täpselt määratlemata ajal, millalgi minevikus või tulevikus	narrower
kord	noun	millalgi tulevikus	mingil ebamäärasel, täpselt määratlemata ajal, millalgi minevikus või tulevikus	narrower
kord	noun	millalgi tulevikus	mõnikord, vahel	none
kord	noun	näitab, et olukorrad vahetuvad	mingil ebamäärasel, täpselt määratlemata ajal, millalgi minevikus või tulevikus	none
kord	noun	näitab, et olukorrad vahetuvad	mingil ebamäärasel, täpselt määratlemata ajal, millalgi minevikus või tulevikus	none
kord	noun	näitab, et olukorrad vahetuvad	mõnikord, vahel	exact
korralik	adjective	selline, kes täidab oma ülesandeid hästi ja nii, nagu vaja	mingeid nõudeid, ülesandeid täpselt järgiv, neid hästi täitev või neile hästi vastav, (ettenähtud) omadustelt või tulemuselt laitmatu	exact
korralik	adjective	selline, kes täidab oma ülesandeid hästi ja nii, nagu vaja	millegi poolest (väga) hea, kõrgelt hinnatav (nt suur, tubli, kõva)	none
korralik	adjective	hea	mingeid nõudeid, ülesandeid täpselt järgiv, neid hästi täitev või neile hästi vastav, (ettenähtud) omadustelt või tulemuselt laitmatu	none
korralik	adjective	hea	millegi poolest (väga) hea, kõrgelt hinnatav (nt suur, tubli, kõva)	exact
kosmos	noun	väljaspool Maa atmosfääri asuv ruum, kus on tähed ja planeedid	väljaspool Maad asuv maailmaruum koos selles leiduvate objektidega	exact
kriitika	noun	märkused, mis näitavad, et sa arvad, et miski on halb või vale	eeskätt vigade ja puuduste esiletoomine	exact
kriitika	noun	märkused, mis näitavad, et sa arvad, et miski on halb või vale	analüüsiv arvustamine, hindav arvamusavaldus, hinnangud või arvustused kogumina	none
kriitika	noun	teoste, näiteks raamatute või filmide kohta kirjutatud arvustused	eeskätt vigade ja puuduste esiletoomine	none
kriitika	noun	teoste, näiteks raamatute või filmide kohta kirjutatud arvustused	analüüsiv arvustamine, hindav arvamusavaldus, hinnangud või arvustused kogumina	exact
kuidagi	adverb	(just) nagu	mingil (vähesel, imelikul) moel, pisut nagu, nii et hästi aru ei saa	narrower
kuidagi	adverb	(just) nagu	mingil (juhuslikul) moel, mingil kombel või viisil	none
kuidagi	adverb	(just) nagu	mingil (juhuslikul) moel, mingil kombel või viisil	none
kuidagi	adverb	(just) nagu	mingil (vähesel, imelikul) moel, pisut nagu, nii et hästi aru ei saa	narrower
kuidagi	adverb	mingil moel või viisil	mingil (vähesel, imelikul) moel, pisut nagu, nii et hästi aru ei saa	none
kuidagi	adverb	mingil moel või viisil	mingil (juhuslikul) moel, mingil kombel või viisil	narrower
kuidagi	adverb	mingil moel või viisil	mingil (juhuslikul) moel, mingil kombel või viisil	narrower
kuidagi	adverb	mingil moel või viisil	mingil (vähesel, imelikul) moel, pisut nagu, nii et hästi aru ei saa	none
kuidagi	adverb	mitte mingil moel või viisil	mingil (vähesel, imelikul) moel, pisut nagu, nii et hästi aru ei saa	none
kuidagi	adverb	mitte mingil moel või viisil	mingil (juhuslikul) moel, mingil kombel või viisil	narrower
kuidagi	adverb	mitte mingil moel või viisil	mingil (juhuslikul) moel, mingil kombel või viisil	narrower
kuidagi	adverb	mitte mingil moel või viisil	mingil (vähesel, imelikul) moel, pisut nagu, nii et hästi aru ei saa	none
kuidagi	adverb	raskustega, mitte päris hästi või korralikult	mingil (vähesel, imelikul) moel, pisut nagu, nii et hästi aru ei saa	narrower
kuidagi	adverb	raskustega, mitte päris hästi või korralikult	mingil (juhuslikul) moel, mingil kombel või viisil	none
kuidagi	adverb	raskustega, mitte päris hästi või korralikult	mingil (juhuslikul) moel, mingil kombel või viisil	none
kuidagi	adverb	raskustega, mitte päris hästi või korralikult	mingil (vähesel, imelikul) moel, pisut nagu, nii et hästi aru ei saa	narrower
kulgema	verb	kui miski mingil viisil <b>kulgeb</b>, siis see toimub, areneb	(aeglaselt, sujuvalt) edasi liikuma	exact
kulgema	verb	kui miski mingil viisil <b>kulgeb</b>, siis see toimub, areneb	pika joonena paiknema	none
kulgema	verb	kui näiteks mõni tee või jõgi kusagil <b>kulgeb</b>, siis see paikneb seal või suundub ühest kohast teise	(aeglaselt, sujuvalt) edasi liikuma	none
kulgema	verb	kui näiteks mõni tee või jõgi kusagil <b>kulgeb</b>, siis see paikneb seal või suundub ühest kohast teise	pika joonena paiknema	exact
kuni	adverb	osutab piiri, milleni miski toimub või esineb	rõhutab põhisõnaga märgitud piiri, milleni miski toimub või esineb (võib ka ära jääda, ilma et lause tähendus muutuks)	exact
kuni	adverb	osutab piiri, milleni miski toimub või esineb	alustab kõrvallauset, mis näitab, missuguse ajani toimub pealauses väljendatud tegevus või olukord	none
kuni	adverb	osutab piiri, milleni miski toimub või esineb	seob sõnu või sõnaühendeid, mis märgivad millegi ulatuvuse piire	none
kuni	adverb	selle ajani kui	rõhutab põhisõnaga märgitud piiri, milleni miski toimub või esineb (võib ka ära jääda, ilma et lause tähendus muutuks)	none
kuni	adverb	selle ajani kui	alustab kõrvallauset, mis näitab, missuguse ajani toimub pealauses väljendatud tegevus või olukord	exact
kuni	adverb	selle ajani kui	seob sõnu või sõnaühendeid, mis märgivad millegi ulatuvuse piire	none
kuni	adverb	seob sõnu, mis näitavad millegi piire	rõhutab põhisõnaga märgitud piiri, milleni miski toimub või esineb (võib ka ära jääda, ilma et lause tähendus muutuks)	none
kuni	adverb	seob sõnu, mis näitavad millegi piire	alustab kõrvallauset, mis näitab, missuguse ajani toimub pealauses väljendatud tegevus või olukord	none
kuni	adverb	seob sõnu, mis näitavad millegi piire	seob sõnu või sõnaühendeid, mis märgivad millegi ulatuvuse piire	exact
kurvastama	verb	kedagi kurvaks, õnnetuks tegema	kedagi kurvaks tegema, kurvaks muutma	exact
kurvastama	verb	kedagi kurvaks, õnnetuks tegema	mingil põhjusel kurb olema, nukrust tundma	none
kurvastama	verb	kurb, õnnetu olema	kedagi kurvaks tegema, kurvaks muutma	none
kurvastama	verb	kurb, õnnetu olema	mingil põhjusel kurb olema, nukrust tundma	exact
kuulma	verb	kõrvade abil ümbrust tajuma, millestki teadlikuks saama	hääli, helisid kõrvaga tajuma ja eristama	exact
kuulma	verb	kõrvade abil ümbrust tajuma, millestki teadlikuks saama	kellegi jutust või kirjalikust allikast teada saama	none
kuulma	verb	teada saama, näiteks teiste jutust	hääli, helisid kõrvaga tajuma ja eristama	none
kuulma	verb	teada saama, näiteks teiste jutust	kellegi jutust või kirjalikust allikast teada saama	exact
käest	adposition	valdusest, kasutusest (ära)	kellegi valdusest, omandusest, kasutusest (ära)	exact
käest	adposition	valdusest, kasutusest (ära)	mingist seisukorrast (ära), kellegi või millegi mõju alt, meelevallast	none
käest	adposition	kehvast olukorrast või mingi mõju alt (ära)	kellegi valdusest, omandusest, kasutusest (ära)	none
käest	adposition	kehvast olukorrast või mingi mõju alt (ära)	mingist seisukorrast (ära), kellegi või millegi mõju alt, meelevallast	exact
käsitöö	noun	tegevused, kus midagi käte abil valmistatakse, näiteks õmblemine ja kudumine	käsitsi lihtsate tööriistadega tehtav töö (nt sepatöö, meisterdamine, korvipunumine)	exact
käsitöö	noun	tegevused, kus midagi käte abil valmistatakse, näiteks õmblemine ja kudumine	käsitsi valmistatud (või valmistatav) tarbe- või iluese	none
käsitöö	noun	sel moel valmistatud esemed	käsitsi lihtsate tööriistadega tehtav töö (nt sepatöö, meisterdamine, korvipunumine)	none
käsitöö	noun	sel moel valmistatud esemed	käsitsi valmistatud (või valmistatav) tarbe- või iluese	exact
kõikjalt	adverb	igalt poolt, kõikidest kohtadest	igalt poolt, kõikidest kohtadest	exact
kõrval	adposition	kellegi või millegi külje juures, lähedal	asendilt kellegi, millegi külje juures, ligidal	exact
kõrval	adposition	kellegi või millegi külje juures, lähedal	samaaegselt, rööbiti millegagi või kellegagi	none
kõrval	adposition	peale millegi, millelegi (põhilisele) lisaks	asendilt kellegi, millegi külje juures, ligidal	none
kõrval	adposition	peale millegi, millelegi (põhilisele) lisaks	samaaegselt, rööbiti millegagi või kellegagi	exact
köögivili	noun	taim või taime osa, mida inimesed söövad, näiteks tomat, kapsas ja kartul	hrl kasvatatav rohttaim, mille osi või tervet taime tarvitatakse söögiks (nt kartul, kapsas, porgand, tomat, aedhernes, salat)	exact
küllap	adverb	arvatavasti, tõenäoliselt	(oletades:) suure tõenäosusega, arvatavasti, nähtavasti	exact
laad	noun	eripära või omadused, mis määravad millegi olemuse	olemust määravad omadused, neil põhinev omapära	exact
laenutus	noun	koht, kus midagi laenutatakse	koht, kus (tasu eest või ilma) midagi ajutiseks kasutuseks antakse	exact
lahutama	verb	lahku viima, üksteisest eraldama	üksteisest või kellestki, millestki eraldama, lahku ajama või viima	exact
lahutama	verb	lahku viima, üksteisest eraldama	abielu ametlikult lõpetama, abikaasast lahku minema	none
lahutama	verb	lahku viima, üksteisest eraldama	üht arvu mingi teise arvu võrra vähendama, vahet leidma, maha arvama	none
lahutama	verb	abielu lõpetama	üksteisest või kellestki, millestki eraldama, lahku ajama või viima	none
lahutama	verb	abielu lõpetama	abielu ametlikult lõpetama, abikaasast lahku minema	exact
lahutama	verb	abielu lõpetama	üht arvu mingi teise arvu võrra vähendama, vahet leidma, maha arvama	none
lahutama	verb	matemaatikas: ühte arvu teise arvu võrra väiksemaks tegema	üksteisest või kellestki, millestki eraldama, lahku ajama või viima	none
lahutama	verb	matemaatikas: ühte arvu teise arvu võrra väiksemaks tegema	abielu ametlikult lõpetama, abikaasast lahku minema	none
lahutama	verb	matemaatikas: ühte arvu teise arvu võrra väiksemaks tegema	üht arvu mingi teise arvu võrra vähendama, vahet leidma, maha arvama	exact
langema	verb	(tasemelt) madalamaks, väiksemaks minema	(astme, määra, arvulise suuruse kohta:) vähenema	exact
langema	verb	(tasemelt) madalamaks, väiksemaks minema	mingisse olukorda või millegi meelevalda sattuma	none
langema	verb	(tasemelt) madalamaks, väiksemaks minema	(oma raskuse mõjul) allapoole, maapinna poole liikuma	none
langema	verb	(tasemelt) madalamaks, väiksemaks minema	tapetuna surma saama (hrl lahingus)	none
langema	verb	mingisse olukorda sattuma	(astme, määra, arvulise suuruse kohta:) vähenema	none
langema	verb	mingisse olukorda sattuma	mingisse olukorda või millegi meelevalda sattuma	exact
langema	verb	mingisse olukorda sattuma	(oma raskuse mõjul) allapoole, maapinna poole liikuma	none
langema	verb	mingisse olukorda sattuma	tapetuna surma saama (hrl lahingus)	none
langema	verb	allapoole liikuma, kukkuma	(astme, määra, arvulise suuruse kohta:) vähenema	none
langema	verb	allapoole liikuma, kukkuma	mingisse olukorda või millegi meelevalda sattuma	none
langema	verb	allapoole liikuma, kukkuma	(oma raskuse mõjul) allapoole, maapinna poole liikuma	exact
langema	verb	allapoole liikuma, kukkuma	tapetuna surma saama (hrl lahingus)	none
langema	verb	sõjas, võitluses surma saama	(astme, määra, arvulise suuruse kohta:) vähenema	none
langema	verb	sõjas, võitluses surma saama	mingisse olukorda või millegi meelevalda sattuma	none
langema	verb	sõjas, võitluses surma saama	(oma raskuse mõjul) allapoole, maapinna poole liikuma	none
langema	verb	sõjas, võitluses surma saama	tapetuna surma saama (hrl lahingus)	exact
laud	noun	mööbliese, mis koosneb plaadist ja jalgadest ning mille peale saab asju panna	hrl rõhtsast plaadist ja ühest või mitmest jalast koosnev mööbliese	exact
laud	noun	mööbliese, mis koosneb plaadist ja jalgadest ning mille peale saab asju panna	palgist lõigatud pikk ja suhteliselt õhuke puitmaterjal (nt ehitamiseks)	none
laud	noun	pikk ja lame puust tükk, mida kasutatakse ehitusmaterjalina	hrl rõhtsast plaadist ja ühest või mitmest jalast koosnev mööbliese	none
laud	noun	pikk ja lame puust tükk, mida kasutatakse ehitusmaterjalina	palgist lõigatud pikk ja suhteliselt õhuke puitmaterjal (nt ehitamiseks)	exact
lehekülg	noun	näiteks raamatu, päeviku või ajakirja lehe üks külg (lühend lk)	käsikirja, raamatu vm lehe üks külg (ka sellel olev tekst)	exact
lehekülg	noun	näiteks raamatu, päeviku või ajakirja lehe üks külg (lühend lk)	veebi osa, mis on arvutiekraanil korraga näha, kodulehekülg vms	none
lehekülg	noun	kindla aadressiga koht internetis	käsikirja, raamatu vm lehe üks külg (ka sellel olev tekst)	none
lehekülg	noun	kindla aadressiga koht internetis	veebi osa, mis on arvutiekraanil korraga näha, kodulehekülg vms	exact
lesk	noun	inimene, kelle abikaasa on surnud	surma tõttu abikaasa kaotanud ja üksikuks jäänud inimene	exact
liiga tegema	verb	kellegi suhtes ebaõiglaselt, halvasti käituma	kiusama, ahistama	exact
linn	noun	koht, kus on palju elamuid, poode ja teisi hooneid	suur tihedalt asustatud ja hrl kompaktse hoonestusega asula, mis on ümbruskonna majandus- ja kultuurielu keskus	exact
linn	noun	koht, kus on palju elamuid, poode ja teisi hooneid	kesklinn, eriti vastandatuna äärelinnale, kodule, töökohale	none
linn	noun	kesklinn	suur tihedalt asustatud ja hrl kompaktse hoonestusega asula, mis on ümbruskonna majandus- ja kultuurielu keskus	none
linn	noun	kesklinn	kesklinn, eriti vastandatuna äärelinnale, kodule, töökohale	exact
loom	noun	iga elav olend, kes liigutab ja tunneb, aga pole inimene, lind, kala ega putukas	elusolend, kes toitub taimedest vm organismidest ning on (vähemalt mõnes arengujärgus) võimeline liikuma	narrower
loom	noun	iga elav olend, kes liigutab ja tunneb, aga pole inimene, lind, kala ega putukas	elusolend, kes toitub taimedest vm organismidest ning on (vähemalt mõnes arengujärgus) võimeline liikuma	narrower
loom	noun	iga elav olend, kes liigutab ja tunneb, ka inimene, lind, kala ja putukas	elusolend, kes toitub taimedest vm organismidest ning on (vähemalt mõnes arengujärgus) võimeline liikuma	narrower
loom	noun	iga elav olend, kes liigutab ja tunneb, ka inimene, lind, kala ja putukas	elusolend, kes toitub taimedest vm organismidest ning on (vähemalt mõnes arengujärgus) võimeline liikuma	narrower
luik	noun	suur lind, kellel on pikk kael ja kes elab vees	suur pikakaelaline hrl valge sulestikuga veelind	exact
läbimõõt	noun	sirge joon ringi või muu ümmarguse objekti ühelt küljelt teise küljeni, mis läbib selle keskmist punkti	lõik, mis ühendab ringi või kera pinna kahte punkti, läbides ühtlasi ka keskpunkti	exact
lõhn	noun	aine omadus, mida sa tunned nina kaudu	paljude ainete omadus, mida tunneb nina kaudu (haistmisaistinguna)	exact
lõvi	noun	suur kassi moodi loom, kellel on kollane karv ja kes elab peamiselt Aafrikas	peamiselt Aafrika savannides ja poolkõrbetes elav suur pruunikaskollane kaslane, kelle isastel isenditel on vägev lakk	exact
maantee	noun	lai tee, kus sõidavad autod, bussid ja teised mootoriga sõidukid (lühend mnt)	suurem, sõidukitele sobiv liiklustee väljapool linnu ja aleveid	exact
magama	verb	suletud silmadega puhkama, nagu sa seda öösel teed	uneseisundis olema, mitte ärkvel olema	exact
maha võtma	verb	eemaldama	millegi küljest, otsast vms ära võtma	exact
majandus	noun	süsteem, kuidas mingi riik oma raha kulutab ning asju toodab, ostab ja müüb	ühiskonnaelu valdkond, mis hõlmab kaupade ja teenuste tootmist, ostmist, müüki ja tarbimist	exact
mask	noun	ese, mida sa kannad näo ees, et nägu varjata või kaitsta	osalt või üleni nägu kattev ese, mis teeb selle kandja kellegi näoliseks või mittetuntavaks	broader
mask	noun	ese, mida sa kannad näo ees, et nägu varjata või kaitsta	marlist vm materjalist nina- ja suukate, mis kaitseb pisikute või saastuse eest	broader
mask	noun	ese, mida sa kannad näo ees, et nägu varjata või kaitsta	(iluhoolduses:) nahale või juustele lühikeseks ajaks määritav ainete kiht	none
mask	noun	ese, mida sa kannad näo ees, et nägu varjata või kaitsta	osalt või üleni nägu kattev ese, mis teeb selle kandja kellegi näoliseks või mittetuntavaks	broader
mask	noun	ese, mida sa kannad näo ees, et nägu varjata või kaitsta	marlist vm materjalist nina- ja suukate, mis kaitseb pisikute või saastuse eest	broader
mask	noun	ese, mida sa kannad näo ees, et nägu varjata või kaitsta	(iluhoolduses:) nahale või juustele lühikeseks ajaks määritav ainete kiht	none
mask	noun	ainete kiht, mille inimesed lühikeseks ajaks näole määrivad, et nahk pärast parem välja näeks	osalt või üleni nägu kattev ese, mis teeb selle kandja kellegi näoliseks või mittetuntavaks	none
mask	noun	ainete kiht, mille inimesed lühikeseks ajaks näole määrivad, et nahk pärast parem välja näeks	marlist vm materjalist nina- ja suukate, mis kaitseb pisikute või saastuse eest	none
mask	noun	ainete kiht, mille inimesed lühikeseks ajaks näole määrivad, et nahk pärast parem välja näeks	(iluhoolduses:) nahale või juustele lühikeseks ajaks määritav ainete kiht	exact
meelitama	verb	kellelegi midagi head lubama või pakkuma, et ta teeks seda, mida sina soovid	meeldivate sõnade, lubaduste või mingi nipi abil kedagi mõjutama, et ta käituks või teeks nii, nagu mõjutaja soovib	exact
meelitama	verb	kellelegi midagi head lubama või pakkuma, et ta teeks seda, mida sina soovid	ahvatlevana ligi tõmbama, kutsuvalt mõjuma	none
meelitama	verb	sel viisil sulle mõjuma, et sa tahad kuhugi minna või midagi teha	meeldivate sõnade, lubaduste või mingi nipi abil kedagi mõjutama, et ta käituks või teeks nii, nagu mõjutaja soovib	none
meelitama	verb	sel viisil sulle mõjuma, et sa tahad kuhugi minna või midagi teha	ahvatlevana ligi tõmbama, kutsuvalt mõjuma	exact
meister	noun	inimene, kellel on oma töös väga head oskused ja teadmised	kätega töö alal vilunud ning oskuslik isik, oma ala asjatundja	exact
meister	noun	inimene, kellel on oma töös väga head oskused ja teadmised	sportlike (või kutsealaste) meistrivõistluste võitja	none
meister	noun	teatud spordivõistluste võitja	kätega töö alal vilunud ning oskuslik isik, oma ala asjatundja	none
meister	noun	teatud spordivõistluste võitja	sportlike (või kutsealaste) meistrivõistluste võitja	exact
mina	pronoun	viitab kõnelejale	sõna, mida kõneleja kasutab endale osutamiseks	exact
mobiiltelefon	noun	telefon, mida saab endaga kaasas kanda	väike kaasaskantav tugijaamade võrgul põhinev raadiotelefon	exact
mujale	adverb	teise, muusse kohta	teise, muusse kohta	exact
muster	noun	riidel või muul pinnal korduvad (värvilised) jooned või kujundid	kangal vm pinnal korduv joonte või kujundite kombinatsioon või selline kujutis (nt joonisena, kaunistusena)	exact
mängija	noun	keegi, kes midagi mängib, eriti spordis	see, kes mängib (nt mingil pillil, mingit meelelahutuslikku vm mängu)	exact
määrima	verb	pehmet ainet millegi peale panema ja laiali ajama	(pehmet) ainet pinnale kandma ja laiali ajama või sisse hõõruma	exact
määrima	verb	pehmet ainet millegi peale panema ja laiali ajama	määrdunuks, mustaks tegema	none
määrima	verb	midagi mustaks tegema, nii et see pole enam puhas	(pehmet) ainet pinnale kandma ja laiali ajama või sisse hõõruma	none
määrima	verb	midagi mustaks tegema, nii et see pole enam puhas	määrdunuks, mustaks tegema	exact
mõttetu	adjective	ilma aruka mõtteta, tähenduseta	aruka mõtteta, selline, mida ei maksa teha	exact
müra	noun	häiriv või ebameeldiv vali heli	(vali) heli või helide korrapäratu segu, mis nt häirib tööd ja puhkust või segab millegi kuul(a)mist	exact
