resentirse	verb	experimentar dolor, enojo, tristeza, ofensa o rencor; ver lastimados los sentimientos.	empezar a flaquear debilitarse.	none
resentirse	verb	experimentar dolor, enojo, tristeza, ofensa o rencor; ver lastimados los sentimientos.	tener sentimiento, pesar o enojo por algo.	narrower
resentirse	verb	experimentar dolor, enojo, tristeza, ofensa o rencor; ver lastimados los sentimientos.	sentir dolor o molestia en alguna parte del cuerpo, a causa de alguna enfermedad o dolencia pasada.	none
resentirse	verb	perder o ver disminuidos la fuerza, tamaño o vitalidad de algo o de alguien.	empezar a flaquear debilitarse.	exact
resentirse	verb	perder o ver disminuidos la fuerza, tamaño o vitalidad de algo o de alguien.	tener sentimiento, pesar o enojo por algo.	none
resentirse	verb	perder o ver disminuidos la fuerza, tamaño o vitalidad de algo o de alguien.	sentir dolor o molestia en alguna parte del cuerpo, a causa de alguna enfermedad o dolencia pasada.	none
resentirse	verb	dicho de la salud o de una parte del cuerpo: tener dolor, estar débil o estar lesionada o herida por algún accidente o enfermedad anteriores.	empezar a flaquear debilitarse.	none
resentirse	verb	dicho de la salud o de una parte del cuerpo: tener dolor, estar débil o estar lesionada o herida por algún accidente o enfermedad anteriores.	tener sentimiento, pesar o enojo por algo.	none
resentirse	verb	dicho de la salud o de una parte del cuerpo: tener dolor, estar débil o estar lesionada o herida por algún accidente o enfermedad anteriores.	sentir dolor o molestia en alguna parte del cuerpo, a causa de alguna enfermedad o dolencia pasada.	exact
zanahoria	noun	(daucus carota</i>) planta herbácea bienal, de la familia de las apiáceas, que se cultiva desde finales del i milenio por su raíz comestible, de forma cónica y color habitualmente anaranjado. es una hierba de hasta 1 m de altura, con las hojas tri- o bipinnadas, el tallo ligeramente pubescente, y densas umbelas de pequeñas flores blancas. la raíz es ligeramente dulce, rica en betacaroteno, y se consume en numerosas preparaciones, cruda y cocida. en occidente no comenzó a emplearse hasta el siglo xv, pero ganó rápidamente popularidad y es una de las bases de numerosas salsas y caldos	planta herbácea umbelífera, con flores blancas, y purpúrea la central de la umbela; fruto seco y comprimido y raíz fusiforme, de unos dos decímetros de largo, amarilla o rojiza, jugosa y comestible.	exact
zanahoria	noun	(daucus carota</i>) planta herbácea bienal, de la familia de las apiáceas, que se cultiva desde finales del i milenio por su raíz comestible, de forma cónica y color habitualmente anaranjado. es una hierba de hasta 1 m de altura, con las hojas tri- o bipinnadas, el tallo ligeramente pubescente, y densas umbelas de pequeñas flores blancas. la raíz es ligeramente dulce, rica en betacaroteno, y se consume en numerosas preparaciones, cruda y cocida. en occidente no comenzó a emplearse hasta el siglo xv, pero ganó rápidamente popularidad y es una de las bases de numerosas salsas y caldos	raíz de esta planta.	none
zanahoria	noun	(daucus carota</i>) planta herbácea bienal, de la familia de las apiáceas, que se cultiva desde finales del i milenio por su raíz comestible, de forma cónica y color habitualmente anaranjado. es una hierba de hasta 1 m de altura, con las hojas tri- o bipinnadas, el tallo ligeramente pubescente, y densas umbelas de pequeñas flores blancas. la raíz es ligeramente dulce, rica en betacaroteno, y se consume en numerosas preparaciones, cruda y cocida. en occidente no comenzó a emplearse hasta el siglo xv, pero ganó rápidamente popularidad y es una de las bases de numerosas salsas y caldos	hombre tonto, lelo y simplón.	none
zanahoria	noun	por antonomasia, la raíz de esta planta usada en gastronomía	planta herbácea umbelífera, con flores blancas, y purpúrea la central de la umbela; fruto seco y comprimido y raíz fusiforme, de unos dos decímetros de largo, amarilla o rojiza, jugosa y comestible.	none
zanahoria	noun	por antonomasia, la raíz de esta planta usada en gastronomía	raíz de esta planta.	exact
zanahoria	noun	por antonomasia, la raíz de esta planta usada en gastronomía	hombre tonto, lelo y simplón.	none
zanahoria	noun	persona corta de luces o falta de habilidad mundana	planta herbácea umbelífera, con flores blancas, y purpúrea la central de la umbela; fruto seco y comprimido y raíz fusiforme, de unos dos decímetros de largo, amarilla o rojiza, jugosa y comestible.	none
zanahoria	noun	persona corta de luces o falta de habilidad mundana	raíz de esta planta.	none
zanahoria	noun	persona corta de luces o falta de habilidad mundana	hombre tonto, lelo y simplón.	exact
rumor	noun	comentario o comunicación informal y sin fundamento que se propaga de boca en boca	voz que corre entre el público.	narrower
rumor	noun	comentario o comunicación informal y sin fundamento que se propaga de boca en boca	ruido confuso de voces.	none
rumor	noun	comentario o comunicación informal y sin fundamento que se propaga de boca en boca	ruido vago, sordo y continuado.	none
rumor	noun	ruido confuso, monótono y apagado	voz que corre entre el público.	none
rumor	noun	ruido confuso, monótono y apagado	ruido confuso de voces.	none
rumor	noun	ruido confuso, monótono y apagado	ruido vago, sordo y continuado.	exact
rumor	noun	ruido de voces que se confunden y mezclan unas con otras sin poderse distinguir lo que se habla o comenta	voz que corre entre el público.	none
rumor	noun	ruido de voces que se confunden y mezclan unas con otras sin poderse distinguir lo que se habla o comenta	ruido confuso de voces.	exact
rumor	noun	ruido de voces que se confunden y mezclan unas con otras sin poderse distinguir lo que se habla o comenta	ruido vago, sordo y continuado.	none
pericón	noun	en {{rpl|}}, bailes criollos, semejantes a la cuadrilla; consta de cuatro partes o figuras llamadas: demanda o espejo, postrera o alegre, y la cadena y el cielo. se baila con seis u ocho parejas y la música de la guitarra es acompañada de canto. cada pareja debe decir un verso, o relación y es donde el gaucho luce la agudeza picaresca de su ingenio para decir una galantería o un disparate gracioso (bolazo) a su compañera.	baile popular típico de la argentina y del uruguay que se ejecuta acompañado de guitarras y se interrumpe para que los bailarines digan coplas.	exact
pericón	noun	en {{rpl|}}, bailes criollos, semejantes a la cuadrilla; consta de cuatro partes o figuras llamadas: demanda o espejo, postrera o alegre, y la cadena y el cielo. se baila con seis u ocho parejas y la música de la guitarra es acompañada de canto. cada pareja debe decir un verso, o relación y es donde el gaucho luce la agudeza picaresca de su ingenio para decir una galantería o un disparate gracioso (bolazo) a su compañera.	música de este baile.	none
pericón	noun	en {{rpl|}}, bailes criollos, semejantes a la cuadrilla; consta de cuatro partes o figuras llamadas: demanda o espejo, postrera o alegre, y la cadena y el cielo. se baila con seis u ocho parejas y la música de la guitarra es acompañada de canto. cada pareja debe decir un verso, o relación y es donde el gaucho luce la agudeza picaresca de su ingenio para decir una galantería o un disparate gracioso (bolazo) a su compañera.	en el juego de quínolas, caballo de bastos, que hace de comodín.	none
pericón	noun	en {{rpl|}}, bailes criollos, semejantes a la cuadrilla; consta de cuatro partes o figuras llamadas: demanda o espejo, postrera o alegre, y la cadena y el cielo. se baila con seis u ocho parejas y la música de la guitarra es acompañada de canto. cada pareja debe decir un verso, o relación y es donde el gaucho luce la agudeza picaresca de su ingenio para decir una galantería o un disparate gracioso (bolazo) a su compañera.	abanico de gran tamaño usado antiguamente por las mujeres.	none
pericón	noun	música del pericón<sub>1</sub>.	baile popular típico de la argentina y del uruguay que se ejecuta acompañado de guitarras y se interrumpe para que los bailarines digan coplas.	none
pericón	noun	música del pericón<sub>1</sub>.	música de este baile.	exact
pericón	noun	música del pericón<sub>1</sub>.	en el juego de quínolas, caballo de bastos, que hace de comodín.	none
pericón	noun	música del pericón<sub>1</sub>.	abanico de gran tamaño usado antiguamente por las mujeres.	none
pericón	noun	abanico grande.	baile popular típico de la argentina y del uruguay que se ejecuta acompañado de guitarras y se interrumpe para que los bailarines digan coplas.	none
pericón	noun	abanico grande.	música de este baile.	none
pericón	noun	abanico grande.	en el juego de quínolas, caballo de bastos, que hace de comodín.	none
pericón	noun	abanico grande.	abanico de gran tamaño usado antiguamente por las mujeres.	exact
pericón	noun	comodín del juego de las quínolas (caballo de bastos).	baile popular típico de la argentina y del uruguay que se ejecuta acompañado de guitarras y se interrumpe para que los bailarines digan coplas.	none
pericón	noun	comodín del juego de las quínolas (caballo de bastos).	música de este baile.	none
pericón	noun	comodín del juego de las quínolas (caballo de bastos).	en el juego de quínolas, caballo de bastos, que hace de comodín.	exact
pericón	noun	comodín del juego de las quínolas (caballo de bastos).	abanico de gran tamaño usado antiguamente por las mujeres.	none
valdiviano	adjective	persona originaria o habitante de valdivia, ciudad de chile.	natural de valdivia.	none
valdiviano	adjective	persona originaria o habitante de valdivia, ciudad de chile.	perteneciente o relativo a esta ciudad de chile o a su provincia.	broader
valdiviano	adjective	se dice de algo que proviene o tiene relación con valdivia, ciudad de chile.	natural de valdivia.	broader
valdiviano	adjective	se dice de algo que proviene o tiene relación con valdivia, ciudad de chile.	perteneciente o relativo a esta ciudad de chile o a su provincia.	none
chingadera	noun	objeto de poco o nulo valor o importancia.	acción de  chingar importunar  .	none
chingadera	noun	objeto de poco o nulo valor o importancia.	acción ruin.	none
chingadera	noun	objeto de poco o nulo valor o importancia.	cosa objeto  .	related
chingadera	noun	tontería	acción de  chingar importunar  .	none
chingadera	noun	tontería	acción ruin.	none
chingadera	noun	tontería	cosa objeto  .	none
chingadera	noun	acto despreciable, desagradable, inaceptable.	acción de  chingar importunar  .	none
chingadera	noun	acto despreciable, desagradable, inaceptable.	acción ruin.	exact
chingadera	noun	acto despreciable, desagradable, inaceptable.	cosa objeto  .	none
hecatombe	noun	catástrofe o desastre con numerosas víctimas y grandes pérdidas.	mortandad de personas.	none
hecatombe	noun	catástrofe o desastre con numerosas víctimas y grandes pérdidas.	desgracia, catástrofe.	exact
hecatombe	noun	catástrofe o desastre con numerosas víctimas y grandes pérdidas.	sacrificio de 100 reses vacunas u otras víctimas, que hacían los antiguos a sus dioses.	none
hecatombe	noun	catástrofe o desastre con numerosas víctimas y grandes pérdidas.	sacrificio solemne en que es grande el número de víctimas.	none
hecatombe	noun	gran mortandad .	mortandad de personas.	narrower
hecatombe	noun	gran mortandad .	desgracia, catástrofe.	none
hecatombe	noun	gran mortandad .	sacrificio de 100 reses vacunas u otras víctimas, que hacían los antiguos a sus dioses.	none
hecatombe	noun	gran mortandad .	sacrificio solemne en que es grande el número de víctimas.	none
hecatombe	noun	sacrifio de animales que hacían los antiguos a sus dioses (en la hecatombe se sacrificaban cien víctimas).	mortandad de personas.	none
hecatombe	noun	sacrifio de animales que hacían los antiguos a sus dioses (en la hecatombe se sacrificaban cien víctimas).	desgracia, catástrofe.	none
hecatombe	noun	sacrifio de animales que hacían los antiguos a sus dioses (en la hecatombe se sacrificaban cien víctimas).	sacrificio de 100 reses vacunas u otras víctimas, que hacían los antiguos a sus dioses.	exact
hecatombe	noun	sacrifio de animales que hacían los antiguos a sus dioses (en la hecatombe se sacrificaban cien víctimas).	sacrificio solemne en que es grande el número de víctimas.	broader
hecatombe	noun	(en griego ἑκατόμϐη, hekatómbê) designa originalmente, en la grecia antigua un sacrificio religioso de cien bueyes.	mortandad de personas.	none
hecatombe	noun	(en griego ἑκατόμϐη, hekatómbê) designa originalmente, en la grecia antigua un sacrificio religioso de cien bueyes.	desgracia, catástrofe.	none
hecatombe	noun	(en griego ἑκατόμϐη, hekatómbê) designa originalmente, en la grecia antigua un sacrificio religioso de cien bueyes.	sacrificio de 100 reses vacunas u otras víctimas, que hacían los antiguos a sus dioses.	none
hecatombe	noun	(en griego ἑκατόμϐη, hekatómbê) designa originalmente, en la grecia antigua un sacrificio religioso de cien bueyes.	sacrificio solemne en que es grande el número de víctimas.	none
ciclópeo	adjective	que tiene relación con los cíclopes, unos gigantes de la mitología.	perteneciente o relativo a los cíclopes.	exact
ciclópeo	adjective	que tiene relación con los cíclopes, unos gigantes de la mitología.	dicho de ciertas construcciones antiquísimas: que se distinguen por el enorme tamaño de sus piedras, unidas por lo común sin argamasa.	none
ciclópeo	adjective	que tiene relación con los cíclopes, unos gigantes de la mitología.	gigantesco excesivo o muy sobresaliente  .	none
ciclópeo	adjective	enorme, gigante.	perteneciente o relativo a los cíclopes.	none
ciclópeo	adjective	enorme, gigante.	dicho de ciertas construcciones antiquísimas: que se distinguen por el enorme tamaño de sus piedras, unidas por lo común sin argamasa.	none
ciclópeo	adjective	enorme, gigante.	gigantesco excesivo o muy sobresaliente  .	exact
ciclópeo	adjective	referido a una construcción de la antigüedad, que está formada por grandes piedras una encima de otra que no tienen materiales de unión tales como la argamasa.	perteneciente o relativo a los cíclopes.	none
ciclópeo	adjective	referido a una construcción de la antigüedad, que está formada por grandes piedras una encima de otra que no tienen materiales de unión tales como la argamasa.	dicho de ciertas construcciones antiquísimas: que se distinguen por el enorme tamaño de sus piedras, unidas por lo común sin argamasa.	exact
ciclópeo	adjective	referido a una construcción de la antigüedad, que está formada por grandes piedras una encima de otra que no tienen materiales de unión tales como la argamasa.	gigantesco excesivo o muy sobresaliente  .	none
choapino	adjective	originario, relativo a, o propio de choapa (valle) y los alrededores del río choapa.	natural de choapa.	narrower
choapino	adjective	originario, relativo a, o propio de choapa (valle) y los alrededores del río choapa.	perteneciente o relativo a esta provincia de chile.	none
choapino	adjective	originario, relativo a, o propio de la provincia de choapa y al río choapa, en chile.	natural de choapa.	none
choapino	adjective	originario, relativo a, o propio de la provincia de choapa y al río choapa, en chile.	perteneciente o relativo a esta provincia de chile.	narrower
caldereta	noun	caldera pequeña de los barcos de vapor, para las faenas de descarga en el puerto.	guisado que se hace cociendo el pescado fresco con sal, cebolla y pimiento, y echándole aceite y vinagre antes de apartarlo del fuego.	none
caldereta	noun	caldera pequeña de los barcos de vapor, para las faenas de descarga en el puerto.	guisado que hacen los pastores con carne de cordero o cabrito.	none
caldereta	noun	caldera pequeña de los barcos de vapor, para las faenas de descarga en el puerto.	calderilla de agua bendita  .	none
caldereta	noun	caldera pequeña de los barcos de vapor, para las faenas de descarga en el puerto.	caldera pequeña que para suministrar vapor en las faenas de carga y descarga suelen llevar los buques mercantes de vapor.	exact
caldereta	noun	caldera pequeña de los barcos de vapor, para las faenas de descarga en el puerto.	viento terral de dirección sur y suroeste que, acompañado de lluvia y truenos, sopla en las costas del caribe desde junio a fin de septiembre.	none
caldereta	noun	caldero pequeño para el agua bendita.	guisado que se hace cociendo el pescado fresco con sal, cebolla y pimiento, y echándole aceite y vinagre antes de apartarlo del fuego.	none
caldereta	noun	caldero pequeño para el agua bendita.	guisado que hacen los pastores con carne de cordero o cabrito.	none
caldereta	noun	caldero pequeño para el agua bendita.	calderilla de agua bendita  .	exact
caldereta	noun	caldero pequeño para el agua bendita.	caldera pequeña que para suministrar vapor en las faenas de carga y descarga suelen llevar los buques mercantes de vapor.	none
caldereta	noun	caldero pequeño para el agua bendita.	viento terral de dirección sur y suroeste que, acompañado de lluvia y truenos, sopla en las costas del caribe desde junio a fin de septiembre.	none
caldereta	noun	sopa hecha con pescado y otros ingredientes.	guisado que se hace cociendo el pescado fresco con sal, cebolla y pimiento, y echándole aceite y vinagre antes de apartarlo del fuego.	narrower
caldereta	noun	sopa hecha con pescado y otros ingredientes.	guisado que hacen los pastores con carne de cordero o cabrito.	none
caldereta	noun	sopa hecha con pescado y otros ingredientes.	calderilla de agua bendita  .	none
caldereta	noun	sopa hecha con pescado y otros ingredientes.	caldera pequeña que para suministrar vapor en las faenas de carga y descarga suelen llevar los buques mercantes de vapor.	none
caldereta	noun	sopa hecha con pescado y otros ingredientes.	viento terral de dirección sur y suroeste que, acompañado de lluvia y truenos, sopla en las costas del caribe desde junio a fin de septiembre.	none
caldereta	noun	guisado que lleva carne de cordero o de cabrita, especie de cazuela.	guisado que se hace cociendo el pescado fresco con sal, cebolla y pimiento, y echándole aceite y vinagre antes de apartarlo del fuego.	none
caldereta	noun	guisado que lleva carne de cordero o de cabrita, especie de cazuela.	guisado que hacen los pastores con carne de cordero o cabrito.	exact
caldereta	noun	guisado que lleva carne de cordero o de cabrita, especie de cazuela.	calderilla de agua bendita  .	none
caldereta	noun	guisado que lleva carne de cordero o de cabrita, especie de cazuela.	caldera pequeña que para suministrar vapor en las faenas de carga y descarga suelen llevar los buques mercantes de vapor.	none
caldereta	noun	guisado que lleva carne de cordero o de cabrita, especie de cazuela.	viento terral de dirección sur y suroeste que, acompañado de lluvia y truenos, sopla en las costas del caribe desde junio a fin de septiembre.	none
caldereta	noun	viento que en el caribe sopla desde tierra en dirección sur o suroeste acompañado de truenos y lluvia.	guisado que se hace cociendo el pescado fresco con sal, cebolla y pimiento, y echándole aceite y vinagre antes de apartarlo del fuego.	none
caldereta	noun	viento que en el caribe sopla desde tierra en dirección sur o suroeste acompañado de truenos y lluvia.	guisado que hacen los pastores con carne de cordero o cabrito.	none
caldereta	noun	viento que en el caribe sopla desde tierra en dirección sur o suroeste acompañado de truenos y lluvia.	calderilla de agua bendita  .	none
caldereta	noun	viento que en el caribe sopla desde tierra en dirección sur o suroeste acompañado de truenos y lluvia.	caldera pequeña que para suministrar vapor en las faenas de carga y descarga suelen llevar los buques mercantes de vapor.	none
caldereta	noun	viento que en el caribe sopla desde tierra en dirección sur o suroeste acompañado de truenos y lluvia.	viento terral de dirección sur y suroeste que, acompañado de lluvia y truenos, sopla en las costas del caribe desde junio a fin de septiembre.	exact
ígneo	adjective	que es de fuego, que tiene las propiedades del fuego.	de fuego, o que tiene alguna de sus cualidades.	exact
ígneo	adjective	que es de fuego, que tiene las propiedades del fuego.	de color de fuego.	narrower
ígneo	adjective	que es de fuego, que tiene las propiedades del fuego.	se dice de las rocas volcánicas procedentes de la masa en fusión existente en el interior de la tierra.	none
ígneo	adjective	material volcánico, procede del material en fusión que existe en el interior de la tierra.	de fuego, o que tiene alguna de sus cualidades.	none
ígneo	adjective	material volcánico, procede del material en fusión que existe en el interior de la tierra.	de color de fuego.	none
ígneo	adjective	material volcánico, procede del material en fusión que existe en el interior de la tierra.	se dice de las rocas volcánicas procedentes de la masa en fusión existente en el interior de la tierra.	exact
ígneo	adjective	igneo quiere decir que proviene de las comunidades indigenas que son autoctonas; y que solo se rigen por los mandatos de un jefe o cacique. el cual pasa en mucha de las razas indigenas de hoy en dia.	de fuego, o que tiene alguna de sus cualidades.	none
ígneo	adjective	igneo quiere decir que proviene de las comunidades indigenas que son autoctonas; y que solo se rigen por los mandatos de un jefe o cacique. el cual pasa en mucha de las razas indigenas de hoy en dia.	de color de fuego.	none
ígneo	adjective	igneo quiere decir que proviene de las comunidades indigenas que son autoctonas; y que solo se rigen por los mandatos de un jefe o cacique. el cual pasa en mucha de las razas indigenas de hoy en dia.	se dice de las rocas volcánicas procedentes de la masa en fusión existente en el interior de la tierra.	none
vital	adjective	que es relativo o propio de la vida.	perteneciente o relativo a la vida.	exact
vital	adjective	que es relativo o propio de la vida.	de suma importancia o trascendencia.	none
vital	adjective	que es relativo o propio de la vida.	que está dotado de gran energía o impulso para actuar o vivir.	none
vital	adjective	que posee gran importancia.	perteneciente o relativo a la vida.	none
vital	adjective	que posee gran importancia.	de suma importancia o trascendencia.	exact
vital	adjective	que posee gran importancia.	que está dotado de gran energía o impulso para actuar o vivir.	none
vital	adjective	dicho de una persona, que es enérgica en la realización de acciones	perteneciente o relativo a la vida.	none
vital	adjective	dicho de una persona, que es enérgica en la realización de acciones	de suma importancia o trascendencia.	none
vital	adjective	dicho de una persona, que es enérgica en la realización de acciones	que está dotado de gran energía o impulso para actuar o vivir.	broader
cenicero	noun	recipiente destinado a recoger la ceniza de los cigarrillos así como a extinguir y recoger las colillas.	recipiente donde se dejan la ceniza y residuos del cigarro.	exact
cenicero	noun	recipiente destinado a recoger la ceniza de los cigarrillos así como a extinguir y recoger las colillas.	espacio que hay debajo de la rejilla del hogar, para que en él caiga la ceniza.	none
cenicero	noun	recipiente destinado a recoger la ceniza de los cigarrillos así como a extinguir y recoger las colillas.	sitio donde se recoge o echa la ceniza.	none
cenicero	noun	espacio en las rejillas de lumbres y chimeneas para que caiga allí la ceniza.	recipiente donde se dejan la ceniza y residuos del cigarro.	none
cenicero	noun	espacio en las rejillas de lumbres y chimeneas para que caiga allí la ceniza.	espacio que hay debajo de la rejilla del hogar, para que en él caiga la ceniza.	exact
cenicero	noun	espacio en las rejillas de lumbres y chimeneas para que caiga allí la ceniza.	sitio donde se recoge o echa la ceniza.	none
cenicero	noun	cualquier lugar donde se echa la ceniza.	recipiente donde se dejan la ceniza y residuos del cigarro.	none
cenicero	noun	cualquier lugar donde se echa la ceniza.	espacio que hay debajo de la rejilla del hogar, para que en él caiga la ceniza.	none
cenicero	noun	cualquier lugar donde se echa la ceniza.	sitio donde se recoge o echa la ceniza.	exact
quinteto	noun	conjunto de cinco personas o cosas.	conjunto de cinco personas, animales o cosas.	broader
quinteto	noun	conjunto de cinco personas o cosas.	combinación de cinco versos de arte mayor aconsonantados y ordenados como los de la quintilla.	none
quinteto	noun	conjunto de cinco personas o cosas.	composición a cinco voces o instrumentos.	none
quinteto	noun	conjunto de cinco personas o cosas.	conjunto de estas voces o instrumentos, o de los cantantes o instrumentistas.	none
quinteto	noun	pieza compuesta para cinco instrumentos o a cinco voces.	conjunto de cinco personas, animales o cosas.	none
quinteto	noun	pieza compuesta para cinco instrumentos o a cinco voces.	combinación de cinco versos de arte mayor aconsonantados y ordenados como los de la quintilla.	none
quinteto	noun	pieza compuesta para cinco instrumentos o a cinco voces.	composición a cinco voces o instrumentos.	exact
quinteto	noun	pieza compuesta para cinco instrumentos o a cinco voces.	conjunto de estas voces o instrumentos, o de los cantantes o instrumentistas.	none
quinteto	noun	grupo de ejecutantes con cinco instrumentos o voces.	conjunto de cinco personas, animales o cosas.	none
quinteto	noun	grupo de ejecutantes con cinco instrumentos o voces.	combinación de cinco versos de arte mayor aconsonantados y ordenados como los de la quintilla.	none
quinteto	noun	grupo de ejecutantes con cinco instrumentos o voces.	composición a cinco voces o instrumentos.	none
quinteto	noun	grupo de ejecutantes con cinco instrumentos o voces.	conjunto de estas voces o instrumentos, o de los cantantes o instrumentistas.	none
quinteto	noun	estrofa o poema de cinco versos, tradicionalmente en rima consonante y de más de ocho sílabas cada uno (arte mayor).	conjunto de cinco personas, animales o cosas.	none
quinteto	noun	estrofa o poema de cinco versos, tradicionalmente en rima consonante y de más de ocho sílabas cada uno (arte mayor).	combinación de cinco versos de arte mayor aconsonantados y ordenados como los de la quintilla.	narrower
quinteto	noun	estrofa o poema de cinco versos, tradicionalmente en rima consonante y de más de ocho sílabas cada uno (arte mayor).	composición a cinco voces o instrumentos.	none
quinteto	noun	estrofa o poema de cinco versos, tradicionalmente en rima consonante y de más de ocho sílabas cada uno (arte mayor).	conjunto de estas voces o instrumentos, o de los cantantes o instrumentistas.	exact
pequeñez	noun	calidad de pequeño.	cualidad de pequeño.	exact
pequeñez	noun	calidad de pequeño.	infancia, corta edad.	none
pequeñez	noun	calidad de pequeño.	cosa de poco momento, de leve importancia.	none
pequeñez	noun	calidad de pequeño.	mezquindad, ruindad, bajeza de ánimo.	none
pequeñez	noun	infancia, corta edad.	cualidad de pequeño.	none
pequeñez	noun	infancia, corta edad.	infancia, corta edad.	exact
pequeñez	noun	infancia, corta edad.	cosa de poco momento, de leve importancia.	none
pequeñez	noun	infancia, corta edad.	mezquindad, ruindad, bajeza de ánimo.	none
pequeñez	noun	cosa de poco momento, de leve importancia.	cualidad de pequeño.	none
pequeñez	noun	cosa de poco momento, de leve importancia.	infancia, corta edad.	none
pequeñez	noun	cosa de poco momento, de leve importancia.	cosa de poco momento, de leve importancia.	exact
pequeñez	noun	cosa de poco momento, de leve importancia.	mezquindad, ruindad, bajeza de ánimo.	none
pequeñez	noun	humildad, abatimiento.	cualidad de pequeño.	none
pequeñez	noun	humildad, abatimiento.	infancia, corta edad.	none
pequeñez	noun	humildad, abatimiento.	cosa de poco momento, de leve importancia.	none
pequeñez	noun	humildad, abatimiento.	mezquindad, ruindad, bajeza de ánimo.	none
chapucero	adjective	propio de, o relativo a la chapuza.	hecho tosca y groseramente.	narrower
chapucero	adjective	propio de, o relativo a la chapuza.	dicho de una persona: que trabaja de este modo.	none
chapucero	adjective	propio de, o relativo a la chapuza.	embustero .	none
chapucero	adjective	dicho de una persona, que trabaja de prisa y hace mal su trabajo.	hecho tosca y groseramente.	none
chapucero	adjective	dicho de una persona, que trabaja de prisa y hace mal su trabajo.	dicho de una persona: que trabaja de este modo.	exact
chapucero	adjective	dicho de una persona, que trabaja de prisa y hace mal su trabajo.	embustero .	none
chapucero	adjective	dicho de una persona, que engaña.	hecho tosca y groseramente.	none
chapucero	adjective	dicho de una persona, que engaña.	dicho de una persona: que trabaja de este modo.	none
chapucero	adjective	dicho de una persona, que engaña.	embustero .	exact
chapucero	adjective	dicho de una persona, que hace trampas.	hecho tosca y groseramente.	none
chapucero	adjective	dicho de una persona, que hace trampas.	dicho de una persona: que trabaja de este modo.	none
chapucero	adjective	dicho de una persona, que hace trampas.	embustero .	none
heteróclito	adjective	que no se ajusta a ningún patrón ordinario en su naturaleza o comportamiento	irregular, extraño y fuera de orden.	exact
heteróclito	adjective	que no se ajusta a ningún patrón ordinario en su naturaleza o comportamiento	perteneciente o relativo a la heteroclisis.	none
heteróclito	adjective	que no se ajusta a ningún patrón ordinario en su naturaleza o comportamiento	se dice del nombre que no se declina según la regla común, y, en general, de todo paradigma que se aparta de lo regular.	none
heteróclito	adjective	dicho de un vocablo, que en su flexión adopta formas derivadas de más de una raíz	irregular, extraño y fuera de orden.	none
heteróclito	adjective	dicho de un vocablo, que en su flexión adopta formas derivadas de más de una raíz	perteneciente o relativo a la heteroclisis.	none
heteróclito	adjective	dicho de un vocablo, que en su flexión adopta formas derivadas de más de una raíz	se dice del nombre que no se declina según la regla común, y, en general, de todo paradigma que se aparta de lo regular.	none
heteróclito	adjective	más generalmente, que tiene un paradigma irregular de conjugación o declinación	irregular, extraño y fuera de orden.	none
heteróclito	adjective	más generalmente, que tiene un paradigma irregular de conjugación o declinación	perteneciente o relativo a la heteroclisis.	none
heteróclito	adjective	más generalmente, que tiene un paradigma irregular de conjugación o declinación	se dice del nombre que no se declina según la regla común, y, en general, de todo paradigma que se aparta de lo regular.	broader
histórico	adjective	propio o relacionado con la historia.	perteneciente o relativo a la historia.	exact
histórico	adjective	propio o relacionado con la historia.	averiguado, comprobado, cierto, por contraposición a  fabuloso  o  legendario .	none
histórico	adjective	propio o relacionado con la historia.	digno, por la trascendencia que se le atribuye, de figurar en la historia.	none
histórico	adjective	propio o relacionado con la historia.	dicho de una obra literaria, normalmente narrativa o dramática: cuyo argumento alude a sucesos y personajes recordados por la historia y sometidos a fabulación o recreación artísticas.	none
histórico	adjective	propio o relacionado con la historia.	se dice de la persona que ha tenido existencia real o del hecho que verdaderamente ha sucedido.	none
histórico	adjective	que tiene suficiente importancia para aparecer en la historia.	perteneciente o relativo a la historia.	none
histórico	adjective	que tiene suficiente importancia para aparecer en la historia.	averiguado, comprobado, cierto, por contraposición a  fabuloso  o  legendario .	none
histórico	adjective	que tiene suficiente importancia para aparecer en la historia.	digno, por la trascendencia que se le atribuye, de figurar en la historia.	exact
histórico	adjective	que tiene suficiente importancia para aparecer en la historia.	dicho de una obra literaria, normalmente narrativa o dramática: cuyo argumento alude a sucesos y personajes recordados por la historia y sometidos a fabulación o recreación artísticas.	none
histórico	adjective	que tiene suficiente importancia para aparecer en la historia.	se dice de la persona que ha tenido existencia real o del hecho que verdaderamente ha sucedido.	none
histórico	adjective	se dice de la narración que describe o complementa pasajes de la historia.	perteneciente o relativo a la historia.	none
histórico	adjective	se dice de la narración que describe o complementa pasajes de la historia.	averiguado, comprobado, cierto, por contraposición a  fabuloso  o  legendario .	none
histórico	adjective	se dice de la narración que describe o complementa pasajes de la historia.	digno, por la trascendencia que se le atribuye, de figurar en la historia.	none
histórico	adjective	se dice de la narración que describe o complementa pasajes de la historia.	dicho de una obra literaria, normalmente narrativa o dramática: cuyo argumento alude a sucesos y personajes recordados por la historia y sometidos a fabulación o recreación artísticas.	narrower
histórico	adjective	se dice de la narración que describe o complementa pasajes de la historia.	se dice de la persona que ha tenido existencia real o del hecho que verdaderamente ha sucedido.	none
histórico	adjective	se dice de los hechos o personas cuya existencia se comprueba con documentos históricos<sub>1</sub>.	perteneciente o relativo a la historia.	none
histórico	adjective	se dice de los hechos o personas cuya existencia se comprueba con documentos históricos<sub>1</sub>.	averiguado, comprobado, cierto, por contraposición a  fabuloso  o  legendario .	broader
histórico	adjective	se dice de los hechos o personas cuya existencia se comprueba con documentos históricos<sub>1</sub>.	digno, por la trascendencia que se le atribuye, de figurar en la historia.	none
histórico	adjective	se dice de los hechos o personas cuya existencia se comprueba con documentos históricos<sub>1</sub>.	dicho de una obra literaria, normalmente narrativa o dramática: cuyo argumento alude a sucesos y personajes recordados por la historia y sometidos a fabulación o recreación artísticas.	none
histórico	adjective	se dice de los hechos o personas cuya existencia se comprueba con documentos históricos<sub>1</sub>.	se dice de la persona que ha tenido existencia real o del hecho que verdaderamente ha sucedido.	narrower
histórico	adjective	persona que escribe historia.	perteneciente o relativo a la historia.	none
histórico	adjective	persona que escribe historia.	averiguado, comprobado, cierto, por contraposición a  fabuloso  o  legendario .	none
histórico	adjective	persona que escribe historia.	digno, por la trascendencia que se le atribuye, de figurar en la historia.	none
histórico	adjective	persona que escribe historia.	dicho de una obra literaria, normalmente narrativa o dramática: cuyo argumento alude a sucesos y personajes recordados por la historia y sometidos a fabulación o recreación artísticas.	none
histórico	adjective	persona que escribe historia.	se dice de la persona que ha tenido existencia real o del hecho que verdaderamente ha sucedido.	none
visible	adjective	que se puede observar o percibir con la vista.	que se puede ver.	exact
visible	adjective	que se puede observar o percibir con la vista.	tan cierto y evidente que no admite duda.	none
visible	adjective	que se puede observar o percibir con la vista.	dicho de una persona: notable y que llama la atención por alguna singularidad.	none
visible	adjective	que es evidente.	que se puede ver.	none
visible	adjective	que es evidente.	tan cierto y evidente que no admite duda.	exact
visible	adjective	que es evidente.	dicho de una persona: notable y que llama la atención por alguna singularidad.	none
visible	adjective	que pertenece o concierne al rango de longitudes de onda que pueden ser detectadas por el ojo humano.	que se puede ver.	none
visible	adjective	que pertenece o concierne al rango de longitudes de onda que pueden ser detectadas por el ojo humano.	tan cierto y evidente que no admite duda.	none
visible	adjective	que pertenece o concierne al rango de longitudes de onda que pueden ser detectadas por el ojo humano.	dicho de una persona: notable y que llama la atención por alguna singularidad.	none
bufet	noun	comida servida y dispuesta generalmente sobre una mesa, junto con su cubertería, que consiste principalmente en que los comensales se sirven a discreción de los alimentos.	bufé comida  .	narrower
bufet	noun	comida servida y dispuesta generalmente sobre una mesa, junto con su cubertería, que consiste principalmente en que los comensales se sirven a discreción de los alimentos.	bufé mesa  .	none
bufet	noun	comida servida y dispuesta generalmente sobre una mesa, junto con su cubertería, que consiste principalmente en que los comensales se sirven a discreción de los alimentos.	bufé local  .	none
bufet	noun	mesa en la que se sirve el bufet<sub>1</sub>.	bufé comida  .	none
bufet	noun	mesa en la que se sirve el bufet<sub>1</sub>.	bufé mesa  .	broader
bufet	noun	mesa en la que se sirve el bufet<sub>1</sub>.	bufé local  .	none
bufet	noun	local o despacho donde se sirven aperitivos o comidas ligeras.	bufé comida  .	none
bufet	noun	local o despacho donde se sirven aperitivos o comidas ligeras.	bufé mesa  .	none
bufet	noun	local o despacho donde se sirven aperitivos o comidas ligeras.	bufé local  .	narrower
guiar	verb	ir junto o delante de una persona para indicarle la ruta a seguir.	ir delante mostrando el camino.	exact
guiar	verb	ir junto o delante de una persona para indicarle la ruta a seguir.	hacer que una pieza de una máquina u otro aparato siga en su movimiento determinado camino.	none
guiar	verb	ir junto o delante de una persona para indicarle la ruta a seguir.	dirigir el crecimiento de las plantas haciéndoles guías.	none
guiar	verb	ir junto o delante de una persona para indicarle la ruta a seguir.	conducir un carruaje.	none
guiar	verb	ir junto o delante de una persona para indicarle la ruta a seguir.	dirigir a alguien en algún negocio.	none
guiar	verb	ir junto o delante de una persona para indicarle la ruta a seguir.	dicho de una persona: dejarse dirigir o llevar por otra, o por indicios, señales, etc.	none
guiar	verb	manejar un aparato o una pieza mecánica de modo que siga la ruta adecuada.	ir delante mostrando el camino.	none
guiar	verb	manejar un aparato o una pieza mecánica de modo que siga la ruta adecuada.	hacer que una pieza de una máquina u otro aparato siga en su movimiento determinado camino.	exact
guiar	verb	manejar un aparato o una pieza mecánica de modo que siga la ruta adecuada.	dirigir el crecimiento de las plantas haciéndoles guías.	none
guiar	verb	manejar un aparato o una pieza mecánica de modo que siga la ruta adecuada.	conducir un carruaje.	none
guiar	verb	manejar un aparato o una pieza mecánica de modo que siga la ruta adecuada.	dirigir a alguien en algún negocio.	none
guiar	verb	manejar un aparato o una pieza mecánica de modo que siga la ruta adecuada.	dicho de una persona: dejarse dirigir o llevar por otra, o por indicios, señales, etc.	none
guiar	verb	acompañar y orientar a una persona en sus decisiones.	ir delante mostrando el camino.	none
guiar	verb	acompañar y orientar a una persona en sus decisiones.	hacer que una pieza de una máquina u otro aparato siga en su movimiento determinado camino.	none
guiar	verb	acompañar y orientar a una persona en sus decisiones.	dirigir el crecimiento de las plantas haciéndoles guías.	none
guiar	verb	acompañar y orientar a una persona en sus decisiones.	conducir un carruaje.	none
guiar	verb	acompañar y orientar a una persona en sus decisiones.	dirigir a alguien en algún negocio.	narrower
guiar	verb	acompañar y orientar a una persona en sus decisiones.	dicho de una persona: dejarse dirigir o llevar por otra, o por indicios, señales, etc.	none
guiar	verb	controlar un vehículo para que siga una ruta.	ir delante mostrando el camino.	none
guiar	verb	controlar un vehículo para que siga una ruta.	hacer que una pieza de una máquina u otro aparato siga en su movimiento determinado camino.	none
guiar	verb	controlar un vehículo para que siga una ruta.	dirigir el crecimiento de las plantas haciéndoles guías.	none
guiar	verb	controlar un vehículo para que siga una ruta.	conducir un carruaje.	narrower
guiar	verb	controlar un vehículo para que siga una ruta.	dirigir a alguien en algún negocio.	none
guiar	verb	controlar un vehículo para que siga una ruta.	dicho de una persona: dejarse dirigir o llevar por otra, o por indicios, señales, etc.	none
guiar	verb	poner guía<sub>4</sub> a las plantas, para orientar su crecimiento.	ir delante mostrando el camino.	none
guiar	verb	poner guía<sub>4</sub> a las plantas, para orientar su crecimiento.	hacer que una pieza de una máquina u otro aparato siga en su movimiento determinado camino.	none
guiar	verb	poner guía<sub>4</sub> a las plantas, para orientar su crecimiento.	dirigir el crecimiento de las plantas haciéndoles guías.	exact
guiar	verb	poner guía<sub>4</sub> a las plantas, para orientar su crecimiento.	conducir un carruaje.	none
guiar	verb	poner guía<sub>4</sub> a las plantas, para orientar su crecimiento.	dirigir a alguien en algún negocio.	none
guiar	verb	poner guía<sub>4</sub> a las plantas, para orientar su crecimiento.	dicho de una persona: dejarse dirigir o llevar por otra, o por indicios, señales, etc.	none
guiar	verb	crecer la guía<sub>14</sub> de una planta.	ir delante mostrando el camino.	none
guiar	verb	crecer la guía<sub>14</sub> de una planta.	hacer que una pieza de una máquina u otro aparato siga en su movimiento determinado camino.	none
guiar	verb	crecer la guía<sub>14</sub> de una planta.	dirigir el crecimiento de las plantas haciéndoles guías.	none
guiar	verb	crecer la guía<sub>14</sub> de una planta.	conducir un carruaje.	none
guiar	verb	crecer la guía<sub>14</sub> de una planta.	dirigir a alguien en algún negocio.	none
guiar	verb	crecer la guía<sub>14</sub> de una planta.	dicho de una persona: dejarse dirigir o llevar por otra, o por indicios, señales, etc.	none
pelusa	noun	pelo muy delgado y suave que recubre algunos vegetales y en especial la piel de las frutas.	pelo muy tenue de algunas frutas.	narrower
pelusa	noun	pelo muy delgado y suave que recubre algunos vegetales y en especial la piel de las frutas.	pelo menudo que con el uso se desprende de las telas.	none
pelusa	noun	pelo muy delgado y suave que recubre algunos vegetales y en especial la piel de las frutas.	vello tenue que aparece en la cara de las personas y en el cuerpo de los polluelos de algunas aves.	none
pelusa	noun	pelo muy delgado y suave que recubre algunos vegetales y en especial la piel de las frutas.	aglomeración de polvo y suciedad que se forma generalmente debajo de los muebles.	none
pelusa	noun	pelo muy delgado y suave que recubre algunos vegetales y en especial la piel de las frutas.	envidia propia de los niños.	none
pelusa	noun	pelo muy delgado y suave que se desprende de ciertas telas.	pelo muy tenue de algunas frutas.	none
pelusa	noun	pelo muy delgado y suave que se desprende de ciertas telas.	pelo menudo que con el uso se desprende de las telas.	narrower
pelusa	noun	pelo muy delgado y suave que se desprende de ciertas telas.	vello tenue que aparece en la cara de las personas y en el cuerpo de los polluelos de algunas aves.	none
pelusa	noun	pelo muy delgado y suave que se desprende de ciertas telas.	aglomeración de polvo y suciedad que se forma generalmente debajo de los muebles.	none
pelusa	noun	pelo muy delgado y suave que se desprende de ciertas telas.	envidia propia de los niños.	none
pelusa	noun	pelo muy delgado y suave que cubre algunas partes de la piel de las personas.	pelo muy tenue de algunas frutas.	none
pelusa	noun	pelo muy delgado y suave que cubre algunas partes de la piel de las personas.	pelo menudo que con el uso se desprende de las telas.	none
pelusa	noun	pelo muy delgado y suave que cubre algunas partes de la piel de las personas.	vello tenue que aparece en la cara de las personas y en el cuerpo de los polluelos de algunas aves.	broader
pelusa	noun	pelo muy delgado y suave que cubre algunas partes de la piel de las personas.	aglomeración de polvo y suciedad que se forma generalmente debajo de los muebles.	none
pelusa	noun	pelo muy delgado y suave que cubre algunas partes de la piel de las personas.	envidia propia de los niños.	none
pelusa	noun	suciedad que se acumula bajo los muebles en forma de pequeñas aglomeraciones de filamentos con polvo.	pelo muy tenue de algunas frutas.	none
pelusa	noun	suciedad que se acumula bajo los muebles en forma de pequeñas aglomeraciones de filamentos con polvo.	pelo menudo que con el uso se desprende de las telas.	none
pelusa	noun	suciedad que se acumula bajo los muebles en forma de pequeñas aglomeraciones de filamentos con polvo.	vello tenue que aparece en la cara de las personas y en el cuerpo de los polluelos de algunas aves.	none
pelusa	noun	suciedad que se acumula bajo los muebles en forma de pequeñas aglomeraciones de filamentos con polvo.	aglomeración de polvo y suciedad que se forma generalmente debajo de los muebles.	exact
pelusa	noun	suciedad que se acumula bajo los muebles en forma de pequeñas aglomeraciones de filamentos con polvo.	envidia propia de los niños.	none
pelusa	noun	envidia o celo infantil.	pelo muy tenue de algunas frutas.	none
pelusa	noun	envidia o celo infantil.	pelo menudo que con el uso se desprende de las telas.	none
pelusa	noun	envidia o celo infantil.	vello tenue que aparece en la cara de las personas y en el cuerpo de los polluelos de algunas aves.	none
pelusa	noun	envidia o celo infantil.	aglomeración de polvo y suciedad que se forma generalmente debajo de los muebles.	none
pelusa	noun	envidia o celo infantil.	envidia propia de los niños.	exact
pelusa	noun	niño de las clases pobres que vaga por las calles.	pelo muy tenue de algunas frutas.	none
pelusa	noun	niño de las clases pobres que vaga por las calles.	pelo menudo que con el uso se desprende de las telas.	none
pelusa	noun	niño de las clases pobres que vaga por las calles.	vello tenue que aparece en la cara de las personas y en el cuerpo de los polluelos de algunas aves.	none
pelusa	noun	niño de las clases pobres que vaga por las calles.	aglomeración de polvo y suciedad que se forma generalmente debajo de los muebles.	none
pelusa	noun	niño de las clases pobres que vaga por las calles.	envidia propia de los niños.	none
veraniego	adjective	concerniente al verano.	perteneciente o relativo al verano.	exact
veraniego	adjective	concerniente al verano.	dicho de una persona: que en tiempo de verano suele ponerse loco o enfermo.	none
veraniego	adjective	concerniente al verano.	ligero, de poco fuste.	none
veraniego	adjective	epíteto del que está flaco o enfermo en tiempo de verano.	perteneciente o relativo al verano.	none
veraniego	adjective	epíteto del que está flaco o enfermo en tiempo de verano.	dicho de una persona: que en tiempo de verano suele ponerse loco o enfermo.	narrower
veraniego	adjective	epíteto del que está flaco o enfermo en tiempo de verano.	ligero, de poco fuste.	none
veraniego	adjective	defectuoso en su línea.	perteneciente o relativo al verano.	none
veraniego	adjective	defectuoso en su línea.	dicho de una persona: que en tiempo de verano suele ponerse loco o enfermo.	none
veraniego	adjective	defectuoso en su línea.	ligero, de poco fuste.	related
jesuita	adjective	que pertenece o concierne a la orden religiosa católica compañía de jesús, orden fundada por san ignacio de loyola en 1534 y aprobada en 1540 por pablo iii.	se dice del religioso de la compañía de jesús, fundada por san ignacio de loyola.	none
jesuita	adjective	que pertenece o concierne a la orden religiosa católica compañía de jesús, orden fundada por san ignacio de loyola en 1534 y aprobada en 1540 por pablo iii.	hipócrita, taimado.	none
jesuita	adjective	que actúa con hipocresía.	se dice del religioso de la compañía de jesús, fundada por san ignacio de loyola.	none
jesuita	adjective	que actúa con hipocresía.	hipócrita, taimado.	exact
venezolanismo	noun	expresión, palabra o uso del español que se habla en venezuela.	vocablo, giro o modo de hablar propio de los venezolanos.	exact
venezolanismo	noun	venezolanidad.	vocablo, giro o modo de hablar propio de los venezolanos.	none
venezolanismo	noun	solidaridad o identificación con lo venezolano.	vocablo, giro o modo de hablar propio de los venezolanos.	none
ruinoso	adjective	que está en ruinas (destruido) o comienza a estarlo.	que se empieza a arruinar o amenaza ruina.	exact
ruinoso	adjective	que está en ruinas (destruido) o comienza a estarlo.	pequeño, desmedrado y que no puede aprovecharse.	none
ruinoso	adjective	que está en ruinas (destruido) o comienza a estarlo.	que arruina y destruye.	none
ruinoso	adjective	que no es útil o apovechable por estar deteriorado (en mal estado).	que se empieza a arruinar o amenaza ruina.	none
ruinoso	adjective	que no es útil o apovechable por estar deteriorado (en mal estado).	pequeño, desmedrado y que no puede aprovecharse.	related
ruinoso	adjective	que no es útil o apovechable por estar deteriorado (en mal estado).	que arruina y destruye.	none
ruinoso	adjective	que causa destrucción o arruina.	que se empieza a arruinar o amenaza ruina.	none
ruinoso	adjective	que causa destrucción o arruina.	pequeño, desmedrado y que no puede aprovecharse.	none
ruinoso	adjective	que causa destrucción o arruina.	que arruina y destruye.	exact
usurero	noun	persona que se dedica a prestar dinero cobrando intereses excesivos.	persona que presta con usura o interés excesivo.	exact
usurero	noun	persona que se dedica a prestar dinero cobrando intereses excesivos.	persona que en otros contratos o granjerías obtiene lucro desmedido.	none
usurero	noun	persona que en cualquier negocio obtiene ganancias o beneficios desproporcionados.	persona que presta con usura o interés excesivo.	none
usurero	noun	persona que en cualquier negocio obtiene ganancias o beneficios desproporcionados.	persona que en otros contratos o granjerías obtiene lucro desmedido.	exact
gustoso	adjective	que tiene un sabor agradable; que complace el sentido del gusto.	dicho de una cosa: que tiene buen sabor al paladar.	exact
gustoso	adjective	que tiene un sabor agradable; que complace el sentido del gusto.	que siente gusto o hace con gusto algo.	none
gustoso	adjective	que tiene un sabor agradable; que complace el sentido del gusto.	agradable que causa gusto o placer  .	none
gustoso	adjective	que produce gusto, agrado, placer, complacencia, disfrute.	dicho de una cosa: que tiene buen sabor al paladar.	none
gustoso	adjective	que produce gusto, agrado, placer, complacencia, disfrute.	que siente gusto o hace con gusto algo.	none
gustoso	adjective	que produce gusto, agrado, placer, complacencia, disfrute.	agradable que causa gusto o placer  .	exact
gustoso	adjective	dicho de alguien, que tiene buena voluntad y disposición para hacer algo, que lo hace con agrado.	dicho de una cosa: que tiene buen sabor al paladar.	none
gustoso	adjective	dicho de alguien, que tiene buena voluntad y disposición para hacer algo, que lo hace con agrado.	que siente gusto o hace con gusto algo.	exact
gustoso	adjective	dicho de alguien, que tiene buena voluntad y disposición para hacer algo, que lo hace con agrado.	agradable que causa gusto o placer  .	none
zarandar	verb	limpiar o depurar una cosecha, especialmente de grano o uva, empleando la zaranda (especie de cedazo o criba).	limpiar el grano o la uva, pasándolos por la zaranda.	exact
zarandar	verb	limpiar o depurar una cosecha, especialmente de grano o uva, empleando la zaranda (especie de cedazo o criba).	colar el dulce con la zaranda.	none
zarandar	verb	limpiar o depurar una cosecha, especialmente de grano o uva, empleando la zaranda (especie de cedazo o criba).	mover algo con prisa, ligereza y facilidad.	none
zarandar	verb	limpiar o depurar una cosecha, especialmente de grano o uva, empleando la zaranda (especie de cedazo o criba).	separar de lo común lo especial y más precioso.	none
zarandar	verb	colar con la zaranda.	limpiar el grano o la uva, pasándolos por la zaranda.	none
zarandar	verb	colar con la zaranda.	colar el dulce con la zaranda.	narrower
zarandar	verb	colar con la zaranda.	mover algo con prisa, ligereza y facilidad.	none
zarandar	verb	colar con la zaranda.	separar de lo común lo especial y más precioso.	none
zarandar	verb	mover algo de modo rápido o fácil, especialmente de un lado a otro y repetidamente.	limpiar el grano o la uva, pasándolos por la zaranda.	none
zarandar	verb	mover algo de modo rápido o fácil, especialmente de un lado a otro y repetidamente.	colar el dulce con la zaranda.	none
zarandar	verb	mover algo de modo rápido o fácil, especialmente de un lado a otro y repetidamente.	mover algo con prisa, ligereza y facilidad.	exact
zarandar	verb	mover algo de modo rápido o fácil, especialmente de un lado a otro y repetidamente.	separar de lo común lo especial y más precioso.	none
zarandar	verb	separar lo deseable o precioso de lo indeseable o común.	limpiar el grano o la uva, pasándolos por la zaranda.	none
zarandar	verb	separar lo deseable o precioso de lo indeseable o común.	colar el dulce con la zaranda.	none
zarandar	verb	separar lo deseable o precioso de lo indeseable o común.	mover algo con prisa, ligereza y facilidad.	none
zarandar	verb	separar lo deseable o precioso de lo indeseable o común.	separar de lo común lo especial y más precioso.	exact
vulnerar	verb	no cumplir lo que manda una ley, regla, mandato, precepto, etc.quebrantar, transgredir, violar una ley o precepto.	transgredir, quebrantar, violar una ley o precepto.	exact
vulnerar	verb	no cumplir lo que manda una ley, regla, mandato, precepto, etc.quebrantar, transgredir, violar una ley o precepto.	dañar, perjudicar.	none
vulnerar	verb	no cumplir lo que manda una ley, regla, mandato, precepto, etc.quebrantar, transgredir, violar una ley o precepto.	herir .	none
vulnerar	verb	causar daño o perjuicio.	transgredir, quebrantar, violar una ley o precepto.	none
vulnerar	verb	causar daño o perjuicio.	dañar, perjudicar.	exact
vulnerar	verb	causar daño o perjuicio.	herir .	none
vulnerar	verb	producir una herida o contusión a un ser vivo.	transgredir, quebrantar, violar una ley o precepto.	none
vulnerar	verb	producir una herida o contusión a un ser vivo.	dañar, perjudicar.	none
vulnerar	verb	producir una herida o contusión a un ser vivo.	herir .	exact
remitir	verb	enviar algo a algun destino o destinatario	enviar algo a determinada persona de otro lugar.	narrower
remitir	verb	enviar algo a algun destino o destinatario	perdonar, alzar la pena, eximir o liberar de una obligación.	none
remitir	verb	enviar algo a algun destino o destinatario	dejar, diferir o suspender.	none
remitir	verb	enviar algo a algun destino o destinatario	dicho de una cosa: ceder o perder parte de su intensidad.	none
remitir	verb	enviar algo a algun destino o destinatario	dejar al juicio o dictamen de alguien la resolución de algo.	none
remitir	verb	enviar algo a algun destino o destinatario	indicar en un escrito otro lugar de él o de distinto escrito donde consta lo que atañe al punto tratado.	none
remitir	verb	enviar algo a algun destino o destinatario	atenerse a lo dicho o hecho, o a lo que ha de decirse o hacerse, por uno mismo o por otra persona, de palabra o por escrito.	none
remitir	verb	perdonar una ofensa, liberar de una pena, castigo u obligación.	enviar algo a determinada persona de otro lugar.	none
remitir	verb	perdonar una ofensa, liberar de una pena, castigo u obligación.	perdonar, alzar la pena, eximir o liberar de una obligación.	exact
remitir	verb	perdonar una ofensa, liberar de una pena, castigo u obligación.	dejar, diferir o suspender.	none
remitir	verb	perdonar una ofensa, liberar de una pena, castigo u obligación.	dicho de una cosa: ceder o perder parte de su intensidad.	none
remitir	verb	perdonar una ofensa, liberar de una pena, castigo u obligación.	dejar al juicio o dictamen de alguien la resolución de algo.	none
remitir	verb	perdonar una ofensa, liberar de una pena, castigo u obligación.	indicar en un escrito otro lugar de él o de distinto escrito donde consta lo que atañe al punto tratado.	none
remitir	verb	perdonar una ofensa, liberar de una pena, castigo u obligación.	atenerse a lo dicho o hecho, o a lo que ha de decirse o hacerse, por uno mismo o por otra persona, de palabra o por escrito.	none
remitir	verb	dejar o aplazar o suspender en especial de un juicio o de un dictamen.	enviar algo a determinada persona de otro lugar.	none
remitir	verb	dejar o aplazar o suspender en especial de un juicio o de un dictamen.	perdonar, alzar la pena, eximir o liberar de una obligación.	none
remitir	verb	dejar o aplazar o suspender en especial de un juicio o de un dictamen.	dejar, diferir o suspender.	exact
remitir	verb	dejar o aplazar o suspender en especial de un juicio o de un dictamen.	dicho de una cosa: ceder o perder parte de su intensidad.	none
remitir	verb	dejar o aplazar o suspender en especial de un juicio o de un dictamen.	dejar al juicio o dictamen de alguien la resolución de algo.	none
remitir	verb	dejar o aplazar o suspender en especial de un juicio o de un dictamen.	indicar en un escrito otro lugar de él o de distinto escrito donde consta lo que atañe al punto tratado.	none
remitir	verb	dejar o aplazar o suspender en especial de un juicio o de un dictamen.	atenerse a lo dicho o hecho, o a lo que ha de decirse o hacerse, por uno mismo o por otra persona, de palabra o por escrito.	none
remitir	verb	dicho de una cosa cuando pierde fuerza o intensidad.	enviar algo a determinada persona de otro lugar.	none
remitir	verb	dicho de una cosa cuando pierde fuerza o intensidad.	perdonar, alzar la pena, eximir o liberar de una obligación.	none
remitir	verb	dicho de una cosa cuando pierde fuerza o intensidad.	dejar, diferir o suspender.	none
remitir	verb	dicho de una cosa cuando pierde fuerza o intensidad.	dicho de una cosa: ceder o perder parte de su intensidad.	exact
remitir	verb	dicho de una cosa cuando pierde fuerza o intensidad.	dejar al juicio o dictamen de alguien la resolución de algo.	none
remitir	verb	dicho de una cosa cuando pierde fuerza o intensidad.	indicar en un escrito otro lugar de él o de distinto escrito donde consta lo que atañe al punto tratado.	none
remitir	verb	dicho de una cosa cuando pierde fuerza o intensidad.	atenerse a lo dicho o hecho, o a lo que ha de decirse o hacerse, por uno mismo o por otra persona, de palabra o por escrito.	none
remitir	verb	asignar o dejar la responsabilidad a alguien de enjuciar o dicataminar algo	enviar algo a determinada persona de otro lugar.	none
remitir	verb	asignar o dejar la responsabilidad a alguien de enjuciar o dicataminar algo	perdonar, alzar la pena, eximir o liberar de una obligación.	none
remitir	verb	asignar o dejar la responsabilidad a alguien de enjuciar o dicataminar algo	dejar, diferir o suspender.	none
remitir	verb	asignar o dejar la responsabilidad a alguien de enjuciar o dicataminar algo	dicho de una cosa: ceder o perder parte de su intensidad.	none
remitir	verb	asignar o dejar la responsabilidad a alguien de enjuciar o dicataminar algo	dejar al juicio o dictamen de alguien la resolución de algo.	exact
remitir	verb	asignar o dejar la responsabilidad a alguien de enjuciar o dicataminar algo	indicar en un escrito otro lugar de él o de distinto escrito donde consta lo que atañe al punto tratado.	none
remitir	verb	asignar o dejar la responsabilidad a alguien de enjuciar o dicataminar algo	atenerse a lo dicho o hecho, o a lo que ha de decirse o hacerse, por uno mismo o por otra persona, de palabra o por escrito.	none
remitir	verb	hacer referencia en un escrito a otro escrito o a otra parte del mismo.	enviar algo a determinada persona de otro lugar.	none
remitir	verb	hacer referencia en un escrito a otro escrito o a otra parte del mismo.	perdonar, alzar la pena, eximir o liberar de una obligación.	none
remitir	verb	hacer referencia en un escrito a otro escrito o a otra parte del mismo.	dejar, diferir o suspender.	none
remitir	verb	hacer referencia en un escrito a otro escrito o a otra parte del mismo.	dicho de una cosa: ceder o perder parte de su intensidad.	none
remitir	verb	hacer referencia en un escrito a otro escrito o a otra parte del mismo.	dejar al juicio o dictamen de alguien la resolución de algo.	none
remitir	verb	hacer referencia en un escrito a otro escrito o a otra parte del mismo.	indicar en un escrito otro lugar de él o de distinto escrito donde consta lo que atañe al punto tratado.	exact
remitir	verb	hacer referencia en un escrito a otro escrito o a otra parte del mismo.	atenerse a lo dicho o hecho, o a lo que ha de decirse o hacerse, por uno mismo o por otra persona, de palabra o por escrito.	none
remitir	verb	sostener una posición en hechos o palabras conforme a lo que fue escrito o hablado.	enviar algo a determinada persona de otro lugar.	none
remitir	verb	sostener una posición en hechos o palabras conforme a lo que fue escrito o hablado.	perdonar, alzar la pena, eximir o liberar de una obligación.	none
remitir	verb	sostener una posición en hechos o palabras conforme a lo que fue escrito o hablado.	dejar, diferir o suspender.	none
remitir	verb	sostener una posición en hechos o palabras conforme a lo que fue escrito o hablado.	dicho de una cosa: ceder o perder parte de su intensidad.	none
remitir	verb	sostener una posición en hechos o palabras conforme a lo que fue escrito o hablado.	dejar al juicio o dictamen de alguien la resolución de algo.	none
remitir	verb	sostener una posición en hechos o palabras conforme a lo que fue escrito o hablado.	indicar en un escrito otro lugar de él o de distinto escrito donde consta lo que atañe al punto tratado.	none
remitir	verb	sostener una posición en hechos o palabras conforme a lo que fue escrito o hablado.	atenerse a lo dicho o hecho, o a lo que ha de decirse o hacerse, por uno mismo o por otra persona, de palabra o por escrito.	exact
válido	adjective	que vale o tiene validez bajo cierta norma o dentro de cierto código (legal, normativo, etc.).	firme, subsistente y que vale o debe valer legalmente.	exact
válido	adjective	que vale o tiene validez bajo cierta norma o dentro de cierto código (legal, normativo, etc.).	aceptable .	none
válido	adjective	que vale o tiene validez bajo cierta norma o dentro de cierto código (legal, normativo, etc.).	dicho de una persona anciana: que puede valerse por sí misma.	none
válido	adjective	que vale o tiene validez bajo cierta norma o dentro de cierto código (legal, normativo, etc.).	robusto, fuerte o esforzado.	none
válido	adjective	que tiene lógica o sentido y se podría aceptar.	firme, subsistente y que vale o debe valer legalmente.	none
válido	adjective	que tiene lógica o sentido y se podría aceptar.	aceptable .	exact
válido	adjective	que tiene lógica o sentido y se podría aceptar.	dicho de una persona anciana: que puede valerse por sí misma.	none
válido	adjective	que tiene lógica o sentido y se podría aceptar.	robusto, fuerte o esforzado.	none
válido	adjective	se dice de alguien que puede valerse de manera independiente.	firme, subsistente y que vale o debe valer legalmente.	none
válido	adjective	se dice de alguien que puede valerse de manera independiente.	aceptable .	none
válido	adjective	se dice de alguien que puede valerse de manera independiente.	dicho de una persona anciana: que puede valerse por sí misma.	narrower
válido	adjective	se dice de alguien que puede valerse de manera independiente.	robusto, fuerte o esforzado.	none
válido	adjective	que tiene valor, coraje, fuerza o valentía.	firme, subsistente y que vale o debe valer legalmente.	none
válido	adjective	que tiene valor, coraje, fuerza o valentía.	aceptable .	none
válido	adjective	que tiene valor, coraje, fuerza o valentía.	dicho de una persona anciana: que puede valerse por sí misma.	none
válido	adjective	que tiene valor, coraje, fuerza o valentía.	robusto, fuerte o esforzado.	related
céltico	adjective	que pertenece o concierne a los celtas.	perteneciente o relativo a los celtas.	exact
céltico	adjective	que pertenece o concierne a los celtas.	se dice de los pueblos así llamados en sentido estricto, que en la antigüedad se establecieron, en el sur de lusitania y norte de la bética, sobre territorios que hoy corresponderían al sur de portugal y a parte de las provincias de badajoz, sevilla y córdoba.	none
céltico	adjective	que pertenece o concierne a los celtas.	se dice de los individuos que componían estos pueblos.	none
céltico	adjective	se dice de alguien que perteneció a uno de los pueblos prerromanos que habitaron el suroccidente de la península ibérica (sur de lusitania y zona occidental de la beturia), académicamente también llamados celtici</i> por su designación en latín.	perteneciente o relativo a los celtas.	none
céltico	adjective	se dice de alguien que perteneció a uno de los pueblos prerromanos que habitaron el suroccidente de la península ibérica (sur de lusitania y zona occidental de la beturia), académicamente también llamados celtici</i> por su designación en latín.	se dice de los pueblos así llamados en sentido estricto, que en la antigüedad se establecieron, en el sur de lusitania y norte de la bética, sobre territorios que hoy corresponderían al sur de portugal y a parte de las provincias de badajoz, sevilla y córdoba.	narrower
céltico	adjective	se dice de alguien que perteneció a uno de los pueblos prerromanos que habitaron el suroccidente de la península ibérica (sur de lusitania y zona occidental de la beturia), académicamente también llamados celtici</i> por su designación en latín.	se dice de los individuos que componían estos pueblos.	narrower
céltico	adjective	que concerniente al grupo de lenguas hablados por los pueblos celtas.	perteneciente o relativo a los celtas.	none
céltico	adjective	que concerniente al grupo de lenguas hablados por los pueblos celtas.	se dice de los pueblos así llamados en sentido estricto, que en la antigüedad se establecieron, en el sur de lusitania y norte de la bética, sobre territorios que hoy corresponderían al sur de portugal y a parte de las provincias de badajoz, sevilla y córdoba.	none
céltico	adjective	que concerniente al grupo de lenguas hablados por los pueblos celtas.	se dice de los individuos que componían estos pueblos.	none
jojoto	adjective	dícho de una planta o fruto, inmaduro o aún muy tierno..	dicho de un tubérculo comestible, especialmente del boniato: que tiene puntos negros producidos por la picadura de un insecto y empieza a pudrirse.	narrower
jojoto	adjective	dícho de una planta o fruto, inmaduro o aún muy tierno..	dicho de un fruto:  verde que aún no está maduro  .	narrower
jojoto	adjective	dicho de una persona, muy joven o inmadura	dicho de un tubérculo comestible, especialmente del boniato: que tiene puntos negros producidos por la picadura de un insecto y empieza a pudrirse.	none
jojoto	adjective	dicho de una persona, muy joven o inmadura	dicho de un fruto:  verde que aún no está maduro  .	none
alias	adverb	por otro nombre.	por otro nombre.	exact
alias	adverb	por otro nombre.	de otro modo.	none
alias	adverb	de otro modo.	por otro nombre.	none
alias	adverb	de otro modo.	de otro modo.	exact
